2026-02-10 09:58:22,500 - app.core.prestart_check - INFO - ⚠️ Running in development mode. Security checks are relaxed.
2026-02-10 09:58:22,500 - app.main - INFO - 🚀 Application starting...
2026-02-10 09:58:23,155 - app.main - INFO - Webhook registered successfully.
2026-02-10 09:58:23,159 - urllib3.connectionpool - DEBUG - Starting new HTTPS connection (1): api.vk.com:443
2026-02-10 09:58:23,292 - urllib3.connectionpool - DEBUG - https://api.vk.com:443 "POST /method/groups.getLongPollServer HTTP/1.1" 200 259
2026-02-10 09:58:23,294 - app.bots.vk_bot - INFO - VK bot initialized for group 235203806
2026-02-10 09:58:23,294 - app.bots.vk_bot - INFO - VK Long Poll started in background
2026-02-10 09:58:23,297 - app.bots.vk_bot - INFO - VK Long Poll loop started
2026-02-10 09:58:23,299 - urllib3.connectionpool - DEBUG - Starting new HTTPS connection (1): lp.vk.com:443
2026-02-10 09:58:23,467 - app.main - INFO - First Superuser not found. Creating...
2026-02-10 09:58:23,474 - app.main - INFO - Superuser created successfully!
2026-02-10 09:58:23,478 - app.services.rate_limit.service - INFO - Loaded 1 admin IDs for rate limit bypass
2026-02-10 09:58:48,483 - urllib3.connectionpool - DEBUG - https://lp.vk.com:443 "GET /whp/235203806?act=a_check&key=eyJhbGciOiJFZERTQSIsInR5cCI6IkpXVCJ9.eyJxdWV1ZV9pZCI6IjIzNTIwMzgwNiIsInVudGlsIjoxNzcwNzIxMTAzMjM3NDIwOTg0fQ.NLS0uyfJD3EYAYQYOgs5jsm6klRd4_y88bo7xWdoUcCqp2mHPaYjc7oN5CsyanZuKU5n3f6wJYnt3gOtbRw0Cg&ts=56&wait=25 HTTP/1.1" 200 26
2026-02-10 09:59:13,511 - urllib3.connectionpool - DEBUG - https://lp.vk.com:443 "GET /whp/235203806?act=a_check&key=eyJhbGciOiJFZERTQSIsInR5cCI6IkpXVCJ9.eyJxdWV1ZV9pZCI6IjIzNTIwMzgwNiIsInVudGlsIjoxNzcwNzIxMTAzMjM3NDIwOTg0fQ.NLS0uyfJD3EYAYQYOgs5jsm6klRd4_y88bo7xWdoUcCqp2mHPaYjc7oN5CsyanZuKU5n3f6wJYnt3gOtbRw0Cg&ts=56&wait=25 HTTP/1.1" 200 26
2026-02-10 09:59:38,541 - urllib3.connectionpool - DEBUG - https://lp.vk.com:443 "GET /whp/235203806?act=a_check&key=eyJhbGciOiJFZERTQSIsInR5cCI6IkpXVCJ9.eyJxdWV1ZV9pZCI6IjIzNTIwMzgwNiIsInVudGlsIjoxNzcwNzIxMTAzMjM3NDIwOTg0fQ.NLS0uyfJD3EYAYQYOgs5jsm6klRd4_y88bo7xWdoUcCqp2mHPaYjc7oN5CsyanZuKU5n3f6wJYnt3gOtbRw0Cg&ts=56&wait=25 HTTP/1.1" 200 26
2026-02-10 10:00:03,571 - urllib3.connectionpool - DEBUG - https://lp.vk.com:443 "GET /whp/235203806?act=a_check&key=eyJhbGciOiJFZERTQSIsInR5cCI6IkpXVCJ9.eyJxdWV1ZV9pZCI6IjIzNTIwMzgwNiIsInVudGlsIjoxNzcwNzIxMTAzMjM3NDIwOTg0fQ.NLS0uyfJD3EYAYQYOgs5jsm6klRd4_y88bo7xWdoUcCqp2mHPaYjc7oN5CsyanZuKU5n3f6wJYnt3gOtbRw0Cg&ts=56&wait=25 HTTP/1.1" 200 26
2026-02-10 10:00:28,601 - urllib3.connectionpool - DEBUG - https://lp.vk.com:443 "GET /whp/235203806?act=a_check&key=eyJhbGciOiJFZERTQSIsInR5cCI6IkpXVCJ9.eyJxdWV1ZV9pZCI6IjIzNTIwMzgwNiIsInVudGlsIjoxNzcwNzIxMTAzMjM3NDIwOTg0fQ.NLS0uyfJD3EYAYQYOgs5jsm6klRd4_y88bo7xWdoUcCqp2mHPaYjc7oN5CsyanZuKU5n3f6wJYnt3gOtbRw0Cg&ts=56&wait=25 HTTP/1.1" 200 26
2026-02-10 10:00:50,345 - app.main - INFO - 🛑 Application shutting down...
2026-02-10 10:00:50,346 - app.bots.vk_bot - INFO - VK Long Poll stopped
2026-02-10 10:00:56,792 - app.core.prestart_check - INFO - ⚠️ Running in development mode. Security checks are relaxed.
2026-02-10 10:00:56,792 - app.main - INFO - 🚀 Application starting...
2026-02-10 10:00:57,344 - app.main - INFO - Webhook registered successfully.
2026-02-10 10:00:57,346 - urllib3.connectionpool - DEBUG - Starting new HTTPS connection (1): api.vk.com:443
2026-02-10 10:00:57,474 - urllib3.connectionpool - DEBUG - https://api.vk.com:443 "POST /method/groups.getLongPollServer HTTP/1.1" 200 258
2026-02-10 10:00:57,475 - app.bots.vk_bot - INFO - VK bot initialized for group 235203806
2026-02-10 10:00:57,476 - app.bots.vk_bot - INFO - VK Long Poll started in background
2026-02-10 10:00:57,478 - app.bots.vk_bot - INFO - VK Long Poll loop started
2026-02-10 10:00:57,480 - urllib3.connectionpool - DEBUG - Starting new HTTPS connection (1): lp.vk.com:443
2026-02-10 10:00:57,581 - app.services.rate_limit.service - INFO - Loaded 1 admin IDs for rate limit bypass
2026-02-10 10:01:03,952 - app.core.prestart_check - INFO - ⚠️ Running in development mode. Security checks are relaxed.
2026-02-10 10:01:03,953 - app.main - INFO - 🚀 Application starting...
2026-02-10 10:01:08,174 - app.main - INFO - Webhook registered successfully.
2026-02-10 10:01:08,177 - urllib3.connectionpool - DEBUG - Starting new HTTPS connection (1): api.vk.com:443
2026-02-10 10:01:08,305 - urllib3.connectionpool - DEBUG - https://api.vk.com:443 "POST /method/groups.getLongPollServer HTTP/1.1" 200 258
2026-02-10 10:01:08,306 - app.bots.vk_bot - INFO - VK bot initialized for group 235203806
2026-02-10 10:01:08,306 - app.bots.vk_bot - INFO - VK Long Poll started in background
2026-02-10 10:01:08,309 - app.bots.vk_bot - INFO - VK Long Poll loop started
2026-02-10 10:01:08,312 - urllib3.connectionpool - DEBUG - Starting new HTTPS connection (1): lp.vk.com:443
2026-02-10 10:01:08,507 - app.services.rate_limit.service - INFO - Loaded 1 admin IDs for rate limit bypass
2026-02-10 10:01:15,073 - app.core.prestart_check - INFO - ⚠️ Running in development mode. Security checks are relaxed.
2026-02-10 10:01:15,073 - app.main - INFO - 🚀 Application starting...
2026-02-10 10:01:15,634 - app.main - INFO - Webhook registered successfully.
2026-02-10 10:01:15,636 - urllib3.connectionpool - DEBUG - Starting new HTTPS connection (1): api.vk.com:443
2026-02-10 10:01:15,780 - urllib3.connectionpool - DEBUG - https://api.vk.com:443 "POST /method/groups.getLongPollServer HTTP/1.1" 200 260
2026-02-10 10:01:15,781 - app.bots.vk_bot - INFO - VK bot initialized for group 235203806
2026-02-10 10:01:15,781 - app.bots.vk_bot - INFO - VK Long Poll started in background
2026-02-10 10:01:15,784 - app.bots.vk_bot - INFO - VK Long Poll loop started
2026-02-10 10:01:15,788 - urllib3.connectionpool - DEBUG - Starting new HTTPS connection (1): lp.vk.com:443
2026-02-10 10:01:15,897 - app.services.rate_limit.service - INFO - Loaded 1 admin IDs for rate limit bypass
2026-02-10 10:01:40,909 - urllib3.connectionpool - DEBUG - https://lp.vk.com:443 "GET /whp/235203806?act=a_check&key=eyJhbGciOiJFZERTQSIsInR5cCI6IkpXVCJ9.eyJxdWV1ZV9pZCI6IjIzNTIwMzgwNiIsInVudGlsIjoxNzcwNzIxMjc1NzE3NjM1ODUzfQ.Um5lUFt72YgcvxHkBL8hLx0kTrUa30T1N3khpuUtNTfmikWCWPM__NqBo3b1G0l2MpxR-uX-ymrQ5PBdOvmrAg&ts=56&wait=25 HTTP/1.1" 200 26
2026-02-10 10:02:05,978 - urllib3.connectionpool - DEBUG - https://lp.vk.com:443 "GET /whp/235203806?act=a_check&key=eyJhbGciOiJFZERTQSIsInR5cCI6IkpXVCJ9.eyJxdWV1ZV9pZCI6IjIzNTIwMzgwNiIsInVudGlsIjoxNzcwNzIxMjc1NzE3NjM1ODUzfQ.Um5lUFt72YgcvxHkBL8hLx0kTrUa30T1N3khpuUtNTfmikWCWPM__NqBo3b1G0l2MpxR-uX-ymrQ5PBdOvmrAg&ts=56&wait=25 HTTP/1.1" 200 26
2026-02-10 10:02:24,477 - app.main - INFO - 🛑 Application shutting down...
2026-02-10 10:02:24,477 - app.bots.vk_bot - INFO - VK Long Poll stopped
2026-02-10 10:02:31,741 - app.core.prestart_check - INFO - ⚠️ Running in development mode. Security checks are relaxed.
2026-02-10 10:02:31,741 - app.main - INFO - 🚀 Application starting...
2026-02-10 10:02:31,974 - app.main - INFO - Webhook registered successfully.
2026-02-10 10:02:31,976 - urllib3.connectionpool - DEBUG - Starting new HTTPS connection (1): api.vk.com:443
2026-02-10 10:02:32,136 - urllib3.connectionpool - DEBUG - https://api.vk.com:443 "POST /method/groups.getLongPollServer HTTP/1.1" 200 260
2026-02-10 10:02:32,138 - app.bots.vk_bot - INFO - VK bot initialized for group 235203806
2026-02-10 10:02:32,138 - app.bots.vk_bot - INFO - VK Long Poll started in background
2026-02-10 10:02:32,140 - app.bots.vk_bot - INFO - VK Long Poll loop started
2026-02-10 10:02:32,142 - urllib3.connectionpool - DEBUG - Starting new HTTPS connection (1): lp.vk.com:443
2026-02-10 10:02:32,342 - app.services.rate_limit.service - INFO - Loaded 1 admin IDs for rate limit bypass
2026-02-10 10:02:38,325 - app.core.prestart_check - INFO - ⚠️ Running in development mode. Security checks are relaxed.
2026-02-10 10:02:38,325 - app.main - INFO - 🚀 Application starting...
2026-02-10 10:02:39,099 - app.main - INFO - Webhook registered successfully.
2026-02-10 10:02:39,101 - urllib3.connectionpool - DEBUG - Starting new HTTPS connection (1): api.vk.com:443
2026-02-10 10:02:39,232 - urllib3.connectionpool - DEBUG - https://api.vk.com:443 "POST /method/groups.getLongPollServer HTTP/1.1" 200 260
2026-02-10 10:02:39,233 - app.bots.vk_bot - INFO - VK bot initialized for group 235203806
2026-02-10 10:02:39,233 - app.bots.vk_bot - INFO - VK Long Poll started in background
2026-02-10 10:02:39,235 - app.bots.vk_bot - INFO - VK Long Poll loop started
2026-02-10 10:02:39,237 - urllib3.connectionpool - DEBUG - Starting new HTTPS connection (1): lp.vk.com:443
2026-02-10 10:02:39,335 - app.services.rate_limit.service - INFO - Loaded 1 admin IDs for rate limit bypass
2026-02-10 10:03:04,348 - urllib3.connectionpool - DEBUG - https://lp.vk.com:443 "GET /whp/235203806?act=a_check&key=eyJhbGciOiJFZERTQSIsInR5cCI6IkpXVCJ9.eyJxdWV1ZV9pZCI6IjIzNTIwMzgwNiIsInVudGlsIjoxNzcwNzIxMzU5MTcwMTM3NDY1fQ.ysTWmRqGMFIR2E99mBqL0Y2A5EM2YB9wGVjKK9Tr8Y9LpjPxozFUBXIBBo3vRHaTR-QpVr0zVw3f8z_KUhgSAw&ts=56&wait=25 HTTP/1.1" 200 26
2026-02-10 10:03:29,370 - urllib3.connectionpool - DEBUG - https://lp.vk.com:443 "GET /whp/235203806?act=a_check&key=eyJhbGciOiJFZERTQSIsInR5cCI6IkpXVCJ9.eyJxdWV1ZV9pZCI6IjIzNTIwMzgwNiIsInVudGlsIjoxNzcwNzIxMzU5MTcwMTM3NDY1fQ.ysTWmRqGMFIR2E99mBqL0Y2A5EM2YB9wGVjKK9Tr8Y9LpjPxozFUBXIBBo3vRHaTR-QpVr0zVw3f8z_KUhgSAw&ts=56&wait=25 HTTP/1.1" 200 26
2026-02-10 10:03:54,392 - urllib3.connectionpool - DEBUG - https://lp.vk.com:443 "GET /whp/235203806?act=a_check&key=eyJhbGciOiJFZERTQSIsInR5cCI6IkpXVCJ9.eyJxdWV1ZV9pZCI6IjIzNTIwMzgwNiIsInVudGlsIjoxNzcwNzIxMzU5MTcwMTM3NDY1fQ.ysTWmRqGMFIR2E99mBqL0Y2A5EM2YB9wGVjKK9Tr8Y9LpjPxozFUBXIBBo3vRHaTR-QpVr0zVw3f8z_KUhgSAw&ts=56&wait=25 HTTP/1.1" 200 26
2026-02-10 10:04:05,464 - app.main - INFO - 🛑 Application shutting down...
2026-02-10 10:04:05,465 - app.bots.vk_bot - INFO - VK Long Poll stopped
2026-02-10 10:04:12,794 - app.core.prestart_check - INFO - ⚠️ Running in development mode. Security checks are relaxed.
2026-02-10 10:04:12,794 - app.main - INFO - 🚀 Application starting...
2026-02-10 10:04:14,288 - app.main - INFO - Webhook registered successfully.
2026-02-10 10:04:14,289 - urllib3.connectionpool - DEBUG - Starting new HTTPS connection (1): api.vk.com:443
2026-02-10 10:04:14,433 - urllib3.connectionpool - DEBUG - https://api.vk.com:443 "POST /method/groups.getLongPollServer HTTP/1.1" 200 260
2026-02-10 10:04:14,436 - app.bots.vk_bot - INFO - VK bot initialized for group 235203806
2026-02-10 10:04:14,436 - app.bots.vk_bot - INFO - VK Long Poll started in background
2026-02-10 10:04:14,438 - app.bots.vk_bot - INFO - VK Long Poll loop started
2026-02-10 10:04:14,440 - urllib3.connectionpool - DEBUG - Starting new HTTPS connection (1): lp.vk.com:443
2026-02-10 10:04:14,544 - app.services.rate_limit.service - INFO - Loaded 1 admin IDs for rate limit bypass
2026-02-10 10:04:39,584 - urllib3.connectionpool - DEBUG - https://lp.vk.com:443 "GET /whp/235203806?act=a_check&key=eyJhbGciOiJFZERTQSIsInR5cCI6IkpXVCJ9.eyJxdWV1ZV9pZCI6IjIzNTIwMzgwNiIsInVudGlsIjoxNzcwNzIxNDU0MzY4NzgwNzQ1fQ.-nfH4Svb1lqI1ieA1KHUVIYdXfsLUiUGg99NGPP9k_RdatB5rGRWM15QoDllbgU8PjmBK2I9H8cZ_TCwB_X9Aw&ts=56&wait=25 HTTP/1.1" 200 26
2026-02-10 10:05:04,612 - urllib3.connectionpool - DEBUG - https://lp.vk.com:443 "GET /whp/235203806?act=a_check&key=eyJhbGciOiJFZERTQSIsInR5cCI6IkpXVCJ9.eyJxdWV1ZV9pZCI6IjIzNTIwMzgwNiIsInVudGlsIjoxNzcwNzIxNDU0MzY4NzgwNzQ1fQ.-nfH4Svb1lqI1ieA1KHUVIYdXfsLUiUGg99NGPP9k_RdatB5rGRWM15QoDllbgU8PjmBK2I9H8cZ_TCwB_X9Aw&ts=56&wait=25 HTTP/1.1" 200 26
2026-02-10 10:05:29,640 - urllib3.connectionpool - DEBUG - https://lp.vk.com:443 "GET /whp/235203806?act=a_check&key=eyJhbGciOiJFZERTQSIsInR5cCI6IkpXVCJ9.eyJxdWV1ZV9pZCI6IjIzNTIwMzgwNiIsInVudGlsIjoxNzcwNzIxNDU0MzY4NzgwNzQ1fQ.-nfH4Svb1lqI1ieA1KHUVIYdXfsLUiUGg99NGPP9k_RdatB5rGRWM15QoDllbgU8PjmBK2I9H8cZ_TCwB_X9Aw&ts=56&wait=25 HTTP/1.1" 200 26
2026-02-10 10:05:54,667 - urllib3.connectionpool - DEBUG - https://lp.vk.com:443 "GET /whp/235203806?act=a_check&key=eyJhbGciOiJFZERTQSIsInR5cCI6IkpXVCJ9.eyJxdWV1ZV9pZCI6IjIzNTIwMzgwNiIsInVudGlsIjoxNzcwNzIxNDU0MzY4NzgwNzQ1fQ.-nfH4Svb1lqI1ieA1KHUVIYdXfsLUiUGg99NGPP9k_RdatB5rGRWM15QoDllbgU8PjmBK2I9H8cZ_TCwB_X9Aw&ts=56&wait=25 HTTP/1.1" 200 26
2026-02-10 10:06:17,406 - app.main - INFO - 🛑 Application shutting down...
2026-02-10 10:06:17,406 - app.bots.vk_bot - INFO - VK Long Poll stopped
2026-02-10 10:06:26,517 - app.core.prestart_check - INFO - ⚠️ Running in development mode. Security checks are relaxed.
2026-02-10 10:06:26,517 - app.main - INFO - 🚀 Application starting...
2026-02-10 10:06:27,043 - app.main - INFO - Webhook registered successfully.
2026-02-10 10:06:27,046 - urllib3.connectionpool - DEBUG - Starting new HTTPS connection (1): api.vk.com:443
2026-02-10 10:06:27,163 - urllib3.connectionpool - DEBUG - https://api.vk.com:443 "POST /method/groups.getLongPollServer HTTP/1.1" 200 261
2026-02-10 10:06:27,165 - app.bots.vk_bot - INFO - VK bot initialized for group 235203806
2026-02-10 10:06:27,165 - app.bots.vk_bot - INFO - VK Long Poll started in background
2026-02-10 10:06:27,170 - app.bots.vk_bot - INFO - VK Long Poll loop started
2026-02-10 10:06:27,174 - urllib3.connectionpool - DEBUG - Starting new HTTPS connection (1): lp.vk.com:443
2026-02-10 10:06:27,373 - app.services.rate_limit.service - INFO - Loaded 1 admin IDs for rate limit bypass
2026-02-10 10:06:32,489 - app.main - INFO - 🛑 Application shutting down...
2026-02-10 10:06:32,490 - app.bots.vk_bot - INFO - VK Long Poll stopped
2026-02-10 10:06:39,581 - app.core.prestart_check - INFO - ⚠️ Running in development mode. Security checks are relaxed.
2026-02-10 10:06:39,581 - app.main - INFO - 🚀 Application starting...
2026-02-10 10:06:40,127 - app.main - INFO - Webhook registered successfully.
2026-02-10 10:06:40,129 - urllib3.connectionpool - DEBUG - Starting new HTTPS connection (1): api.vk.com:443
2026-02-10 10:06:40,246 - urllib3.connectionpool - DEBUG - https://api.vk.com:443 "POST /method/groups.getLongPollServer HTTP/1.1" 200 261
2026-02-10 10:06:40,247 - app.bots.vk_bot - INFO - VK bot initialized for group 235203806
2026-02-10 10:06:40,247 - app.bots.vk_bot - INFO - VK Long Poll started in background
2026-02-10 10:06:40,252 - app.bots.vk_bot - INFO - VK Long Poll loop started
2026-02-10 10:06:40,254 - urllib3.connectionpool - DEBUG - Starting new HTTPS connection (1): lp.vk.com:443
2026-02-10 10:06:40,408 - app.services.rate_limit.service - INFO - Loaded 1 admin IDs for rate limit bypass
2026-02-10 10:07:05,386 - urllib3.connectionpool - DEBUG - https://lp.vk.com:443 "GET /whp/235203806?act=a_check&key=eyJhbGciOiJFZERTQSIsInR5cCI6IkpXVCJ9.eyJxdWV1ZV9pZCI6IjIzNTIwMzgwNiIsInVudGlsIjoxNzcwNzIxNjAwMTgyNDU5NjI4fQ.CfX9cMcL3XHJwrDd_5xO3bbo7LdEPnlS4AzqqjkuI8cLZyOaiXxjI8_s0mZD0D2DoX9mI1w-v-Ofy0-7HW-_CQ&ts=56&wait=25 HTTP/1.1" 200 26
2026-02-10 10:07:30,414 - urllib3.connectionpool - DEBUG - https://lp.vk.com:443 "GET /whp/235203806?act=a_check&key=eyJhbGciOiJFZERTQSIsInR5cCI6IkpXVCJ9.eyJxdWV1ZV9pZCI6IjIzNTIwMzgwNiIsInVudGlsIjoxNzcwNzIxNjAwMTgyNDU5NjI4fQ.CfX9cMcL3XHJwrDd_5xO3bbo7LdEPnlS4AzqqjkuI8cLZyOaiXxjI8_s0mZD0D2DoX9mI1w-v-Ofy0-7HW-_CQ&ts=56&wait=25 HTTP/1.1" 200 26
2026-02-10 10:07:46,275 - app.core.prestart_check - INFO - ⚠️ Running in development mode. Security checks are relaxed.
2026-02-10 10:07:46,275 - app.main - INFO - 🚀 Application starting...
2026-02-10 10:07:46,563 - app.main - INFO - Webhook registered successfully.
2026-02-10 10:07:46,565 - urllib3.connectionpool - DEBUG - Starting new HTTPS connection (1): api.vk.com:443
2026-02-10 10:07:46,772 - urllib3.connectionpool - DEBUG - https://api.vk.com:443 "POST /method/groups.getLongPollServer HTTP/1.1" 200 260
2026-02-10 10:07:46,774 - app.bots.vk_bot - INFO - VK bot initialized for group 235203806
2026-02-10 10:07:46,775 - app.bots.vk_bot - INFO - VK Long Poll started in background
2026-02-10 10:07:46,781 - app.bots.vk_bot - INFO - VK Long Poll loop started
2026-02-10 10:07:46,783 - urllib3.connectionpool - DEBUG - Starting new HTTPS connection (1): lp.vk.com:443
2026-02-10 10:07:46,981 - app.services.rate_limit.service - INFO - Loaded 1 admin IDs for rate limit bypass
2026-02-10 10:08:11,907 - urllib3.connectionpool - DEBUG - https://lp.vk.com:443 "GET /whp/235203806?act=a_check&key=eyJhbGciOiJFZERTQSIsInR5cCI6IkpXVCJ9.eyJxdWV1ZV9pZCI6IjIzNTIwMzgwNiIsInVudGlsIjoxNzcwNzIxNjY2NzA0NjY5NjI3fQ.YS4frm-7WQ1HvJP_3OCLN8cBrQ5J6nqvsqADtoh7Ooran2ppADk9kbAngzIjuQYj8J_g1gC7rrl8adFcCOGZBw&ts=56&wait=25 HTTP/1.1" 200 26
2026-02-10 10:08:36,931 - urllib3.connectionpool - DEBUG - https://lp.vk.com:443 "GET /whp/235203806?act=a_check&key=eyJhbGciOiJFZERTQSIsInR5cCI6IkpXVCJ9.eyJxdWV1ZV9pZCI6IjIzNTIwMzgwNiIsInVudGlsIjoxNzcwNzIxNjY2NzA0NjY5NjI3fQ.YS4frm-7WQ1HvJP_3OCLN8cBrQ5J6nqvsqADtoh7Ooran2ppADk9kbAngzIjuQYj8J_g1gC7rrl8adFcCOGZBw&ts=56&wait=25 HTTP/1.1" 200 26
2026-02-10 10:09:01,954 - urllib3.connectionpool - DEBUG - https://lp.vk.com:443 "GET /whp/235203806?act=a_check&key=eyJhbGciOiJFZERTQSIsInR5cCI6IkpXVCJ9.eyJxdWV1ZV9pZCI6IjIzNTIwMzgwNiIsInVudGlsIjoxNzcwNzIxNjY2NzA0NjY5NjI3fQ.YS4frm-7WQ1HvJP_3OCLN8cBrQ5J6nqvsqADtoh7Ooran2ppADk9kbAngzIjuQYj8J_g1gC7rrl8adFcCOGZBw&ts=56&wait=25 HTTP/1.1" 200 26
2026-02-10 10:09:26,976 - urllib3.connectionpool - DEBUG - https://lp.vk.com:443 "GET /whp/235203806?act=a_check&key=eyJhbGciOiJFZERTQSIsInR5cCI6IkpXVCJ9.eyJxdWV1ZV9pZCI6IjIzNTIwMzgwNiIsInVudGlsIjoxNzcwNzIxNjY2NzA0NjY5NjI3fQ.YS4frm-7WQ1HvJP_3OCLN8cBrQ5J6nqvsqADtoh7Ooran2ppADk9kbAngzIjuQYj8J_g1gC7rrl8adFcCOGZBw&ts=56&wait=25 HTTP/1.1" 200 26
2026-02-10 10:09:51,995 - urllib3.connectionpool - DEBUG - https://lp.vk.com:443 "GET /whp/235203806?act=a_check&key=eyJhbGciOiJFZERTQSIsInR5cCI6IkpXVCJ9.eyJxdWV1ZV9pZCI6IjIzNTIwMzgwNiIsInVudGlsIjoxNzcwNzIxNjY2NzA0NjY5NjI3fQ.YS4frm-7WQ1HvJP_3OCLN8cBrQ5J6nqvsqADtoh7Ooran2ppADk9kbAngzIjuQYj8J_g1gC7rrl8adFcCOGZBw&ts=56&wait=25 HTTP/1.1" 200 26
2026-02-10 10:10:17,015 - urllib3.connectionpool - DEBUG - https://lp.vk.com:443 "GET /whp/235203806?act=a_check&key=eyJhbGciOiJFZERTQSIsInR5cCI6IkpXVCJ9.eyJxdWV1ZV9pZCI6IjIzNTIwMzgwNiIsInVudGlsIjoxNzcwNzIxNjY2NzA0NjY5NjI3fQ.YS4frm-7WQ1HvJP_3OCLN8cBrQ5J6nqvsqADtoh7Ooran2ppADk9kbAngzIjuQYj8J_g1gC7rrl8adFcCOGZBw&ts=56&wait=25 HTTP/1.1" 200 26
2026-02-10 10:10:42,034 - urllib3.connectionpool - DEBUG - https://lp.vk.com:443 "GET /whp/235203806?act=a_check&key=eyJhbGciOiJFZERTQSIsInR5cCI6IkpXVCJ9.eyJxdWV1ZV9pZCI6IjIzNTIwMzgwNiIsInVudGlsIjoxNzcwNzIxNjY2NzA0NjY5NjI3fQ.YS4frm-7WQ1HvJP_3OCLN8cBrQ5J6nqvsqADtoh7Ooran2ppADk9kbAngzIjuQYj8J_g1gC7rrl8adFcCOGZBw&ts=56&wait=25 HTTP/1.1" 200 26
2026-02-10 10:10:44,287 - app.main - INFO - 🛑 Application shutting down...
2026-02-10 10:10:44,288 - app.bots.vk_bot - INFO - VK Long Poll stopped
2026-02-10 10:10:55,590 - app.core.prestart_check - INFO - ⚠️ Running in development mode. Security checks are relaxed.
2026-02-10 10:10:55,590 - app.main - INFO - 🚀 Application starting...
2026-02-10 10:10:56,174 - app.main - INFO - Webhook registered successfully.
2026-02-10 10:10:56,176 - urllib3.connectionpool - DEBUG - Starting new HTTPS connection (1): api.vk.com:443
2026-02-10 10:10:56,300 - urllib3.connectionpool - DEBUG - https://api.vk.com:443 "POST /method/groups.getLongPollServer HTTP/1.1" 200 259
2026-02-10 10:10:56,302 - app.bots.vk_bot - INFO - VK bot initialized for group 235203806
2026-02-10 10:10:56,302 - app.bots.vk_bot - INFO - VK Long Poll started in background
2026-02-10 10:10:56,307 - app.bots.vk_bot - INFO - VK Long Poll loop started
2026-02-10 10:10:56,310 - urllib3.connectionpool - DEBUG - Starting new HTTPS connection (1): lp.vk.com:443
2026-02-10 10:10:56,511 - app.services.rate_limit.service - INFO - Loaded 1 admin IDs for rate limit bypass
2026-02-10 10:11:15,368 - app.main - INFO - 🛑 Application shutting down...
2026-02-10 10:11:15,369 - app.bots.vk_bot - INFO - VK Long Poll stopped
2026-02-10 10:11:24,279 - app.core.prestart_check - INFO - ⚠️ Running in development mode. Security checks are relaxed.
2026-02-10 10:11:24,279 - app.main - INFO - 🚀 Application starting...
2026-02-10 10:11:24,596 - app.main - INFO - Webhook registered successfully.
2026-02-10 10:11:24,598 - urllib3.connectionpool - DEBUG - Starting new HTTPS connection (1): api.vk.com:443
2026-02-10 10:11:24,732 - urllib3.connectionpool - DEBUG - https://api.vk.com:443 "POST /method/groups.getLongPollServer HTTP/1.1" 200 259
2026-02-10 10:11:24,733 - app.bots.vk_bot - INFO - VK bot initialized for group 235203806
2026-02-10 10:11:24,734 - app.bots.vk_bot - INFO - VK Long Poll started in background
2026-02-10 10:11:24,737 - app.bots.vk_bot - INFO - VK Long Poll loop started
2026-02-10 10:11:24,739 - urllib3.connectionpool - DEBUG - Starting new HTTPS connection (1): lp.vk.com:443
2026-02-10 10:11:24,861 - app.services.rate_limit.service - INFO - Loaded 1 admin IDs for rate limit bypass
2026-02-10 10:11:33,311 - app.core.prestart_check - INFO - ⚠️ Running in development mode. Security checks are relaxed.
2026-02-10 10:11:33,311 - app.main - INFO - 🚀 Application starting...
2026-02-10 10:11:33,889 - app.main - INFO - Webhook registered successfully.
2026-02-10 10:11:33,891 - urllib3.connectionpool - DEBUG - Starting new HTTPS connection (1): api.vk.com:443
2026-02-10 10:11:34,009 - urllib3.connectionpool - DEBUG - https://api.vk.com:443 "POST /method/groups.getLongPollServer HTTP/1.1" 200 260
2026-02-10 10:11:34,010 - app.bots.vk_bot - INFO - VK bot initialized for group 235203806
2026-02-10 10:11:34,010 - app.bots.vk_bot - INFO - VK Long Poll started in background
2026-02-10 10:11:34,015 - app.bots.vk_bot - INFO - VK Long Poll loop started
2026-02-10 10:11:34,017 - urllib3.connectionpool - DEBUG - Starting new HTTPS connection (1): lp.vk.com:443
2026-02-10 10:11:34,144 - app.services.rate_limit.service - INFO - Loaded 1 admin IDs for rate limit bypass
2026-02-10 10:11:59,155 - urllib3.connectionpool - DEBUG - https://lp.vk.com:443 "GET /whp/235203806?act=a_check&key=eyJhbGciOiJFZERTQSIsInR5cCI6IkpXVCJ9.eyJxdWV1ZV9pZCI6IjIzNTIwMzgwNiIsInVudGlsIjoxNzcwNzIxODkzOTQ5OTQzNjAzfQ.B2j_9dnauZyJFVYQWmbg7G1RwN42_Jpi081h2j1KnMfdvZuyRzAFwnDPZOxPYMStKa1n_cEWwE6f05C1RFMsBQ&ts=56&wait=25 HTTP/1.1" 200 26
2026-02-10 10:12:24,182 - urllib3.connectionpool - DEBUG - https://lp.vk.com:443 "GET /whp/235203806?act=a_check&key=eyJhbGciOiJFZERTQSIsInR5cCI6IkpXVCJ9.eyJxdWV1ZV9pZCI6IjIzNTIwMzgwNiIsInVudGlsIjoxNzcwNzIxODkzOTQ5OTQzNjAzfQ.B2j_9dnauZyJFVYQWmbg7G1RwN42_Jpi081h2j1KnMfdvZuyRzAFwnDPZOxPYMStKa1n_cEWwE6f05C1RFMsBQ&ts=56&wait=25 HTTP/1.1" 200 26
2026-02-10 10:12:49,242 - urllib3.connectionpool - DEBUG - https://lp.vk.com:443 "GET /whp/235203806?act=a_check&key=eyJhbGciOiJFZERTQSIsInR5cCI6IkpXVCJ9.eyJxdWV1ZV9pZCI6IjIzNTIwMzgwNiIsInVudGlsIjoxNzcwNzIxODkzOTQ5OTQzNjAzfQ.B2j_9dnauZyJFVYQWmbg7G1RwN42_Jpi081h2j1KnMfdvZuyRzAFwnDPZOxPYMStKa1n_cEWwE6f05C1RFMsBQ&ts=56&wait=25 HTTP/1.1" 200 26
2026-02-10 10:13:14,275 - urllib3.connectionpool - DEBUG - https://lp.vk.com:443 "GET /whp/235203806?act=a_check&key=eyJhbGciOiJFZERTQSIsInR5cCI6IkpXVCJ9.eyJxdWV1ZV9pZCI6IjIzNTIwMzgwNiIsInVudGlsIjoxNzcwNzIxODkzOTQ5OTQzNjAzfQ.B2j_9dnauZyJFVYQWmbg7G1RwN42_Jpi081h2j1KnMfdvZuyRzAFwnDPZOxPYMStKa1n_cEWwE6f05C1RFMsBQ&ts=56&wait=25 HTTP/1.1" 200 26
2026-02-10 10:13:39,301 - urllib3.connectionpool - DEBUG - https://lp.vk.com:443 "GET /whp/235203806?act=a_check&key=eyJhbGciOiJFZERTQSIsInR5cCI6IkpXVCJ9.eyJxdWV1ZV9pZCI6IjIzNTIwMzgwNiIsInVudGlsIjoxNzcwNzIxODkzOTQ5OTQzNjAzfQ.B2j_9dnauZyJFVYQWmbg7G1RwN42_Jpi081h2j1KnMfdvZuyRzAFwnDPZOxPYMStKa1n_cEWwE6f05C1RFMsBQ&ts=56&wait=25 HTTP/1.1" 200 26
2026-02-10 10:14:04,329 - urllib3.connectionpool - DEBUG - https://lp.vk.com:443 "GET /whp/235203806?act=a_check&key=eyJhbGciOiJFZERTQSIsInR5cCI6IkpXVCJ9.eyJxdWV1ZV9pZCI6IjIzNTIwMzgwNiIsInVudGlsIjoxNzcwNzIxODkzOTQ5OTQzNjAzfQ.B2j_9dnauZyJFVYQWmbg7G1RwN42_Jpi081h2j1KnMfdvZuyRzAFwnDPZOxPYMStKa1n_cEWwE6f05C1RFMsBQ&ts=56&wait=25 HTTP/1.1" 200 26
2026-02-10 10:14:29,355 - urllib3.connectionpool - DEBUG - https://lp.vk.com:443 "GET /whp/235203806?act=a_check&key=eyJhbGciOiJFZERTQSIsInR5cCI6IkpXVCJ9.eyJxdWV1ZV9pZCI6IjIzNTIwMzgwNiIsInVudGlsIjoxNzcwNzIxODkzOTQ5OTQzNjAzfQ.B2j_9dnauZyJFVYQWmbg7G1RwN42_Jpi081h2j1KnMfdvZuyRzAFwnDPZOxPYMStKa1n_cEWwE6f05C1RFMsBQ&ts=56&wait=25 HTTP/1.1" 200 26
2026-02-10 10:14:53,177 - app.main - INFO - 🛑 Application shutting down...
2026-02-10 10:14:53,178 - app.bots.vk_bot - INFO - VK Long Poll stopped
2026-02-10 10:14:59,612 - app.core.prestart_check - INFO - ⚠️ Running in development mode. Security checks are relaxed.
2026-02-10 10:14:59,613 - app.main - INFO - 🚀 Application starting...
2026-02-10 10:15:00,134 - app.main - INFO - Webhook registered successfully.
2026-02-10 10:15:00,136 - urllib3.connectionpool - DEBUG - Starting new HTTPS connection (1): api.vk.com:443
2026-02-10 10:15:00,274 - urllib3.connectionpool - DEBUG - https://api.vk.com:443 "POST /method/groups.getLongPollServer HTTP/1.1" 200 260
2026-02-10 10:15:00,275 - app.bots.vk_bot - INFO - VK bot initialized for group 235203806
2026-02-10 10:15:00,275 - app.bots.vk_bot - INFO - VK Long Poll started in background
2026-02-10 10:15:00,280 - app.bots.vk_bot - INFO - VK Long Poll loop started
2026-02-10 10:15:00,282 - urllib3.connectionpool - DEBUG - Starting new HTTPS connection (1): lp.vk.com:443
2026-02-10 10:15:00,463 - app.services.rate_limit.service - INFO - Loaded 1 admin IDs for rate limit bypass
2026-02-10 10:15:06,890 - app.core.prestart_check - INFO - ⚠️ Running in development mode. Security checks are relaxed.
2026-02-10 10:15:06,890 - app.main - INFO - 🚀 Application starting...
2026-02-10 10:15:07,132 - app.main - INFO - Webhook registered successfully.
2026-02-10 10:15:07,133 - urllib3.connectionpool - DEBUG - Starting new HTTPS connection (1): api.vk.com:443
2026-02-10 10:15:07,254 - urllib3.connectionpool - DEBUG - https://api.vk.com:443 "POST /method/groups.getLongPollServer HTTP/1.1" 200 260
2026-02-10 10:15:07,256 - app.bots.vk_bot - INFO - VK bot initialized for group 235203806
2026-02-10 10:15:07,256 - app.bots.vk_bot - INFO - VK Long Poll started in background
2026-02-10 10:15:07,259 - app.bots.vk_bot - INFO - VK Long Poll loop started
2026-02-10 10:15:07,261 - urllib3.connectionpool - DEBUG - Starting new HTTPS connection (1): lp.vk.com:443
2026-02-10 10:15:07,381 - app.services.rate_limit.service - INFO - Loaded 1 admin IDs for rate limit bypass
2026-02-10 10:15:09,388 - app.main - INFO - 🛑 Application shutting down...
2026-02-10 10:15:09,389 - app.bots.vk_bot - INFO - VK Long Poll stopped
2026-02-10 10:15:14,768 - app.core.prestart_check - INFO - ⚠️ Running in development mode. Security checks are relaxed.
2026-02-10 10:15:14,769 - app.main - INFO - 🚀 Application starting...
2026-02-10 10:15:15,306 - app.main - INFO - Webhook registered successfully.
2026-02-10 10:15:15,308 - urllib3.connectionpool - DEBUG - Starting new HTTPS connection (1): api.vk.com:443
2026-02-10 10:15:15,418 - urllib3.connectionpool - DEBUG - https://api.vk.com:443 "POST /method/groups.getLongPollServer HTTP/1.1" 200 260
2026-02-10 10:15:15,419 - app.bots.vk_bot - INFO - VK bot initialized for group 235203806
2026-02-10 10:15:15,419 - app.bots.vk_bot - INFO - VK Long Poll started in background
2026-02-10 10:15:15,425 - app.bots.vk_bot - INFO - VK Long Poll loop started
2026-02-10 10:15:15,427 - urllib3.connectionpool - DEBUG - Starting new HTTPS connection (1): lp.vk.com:443
2026-02-10 10:15:15,601 - app.services.rate_limit.service - INFO - Loaded 1 admin IDs for rate limit bypass
2026-02-10 19:21:30,526 - app.core.prestart_check - INFO - ⚠️ Running in development mode. Security checks are relaxed.
2026-02-10 19:21:30,527 - app.main - INFO - 🚀 Application starting...
2026-02-10 19:21:30,529 - app.main - ERROR - CRITICAL: Failed to register Telegram webhook: HTTP Client says - ClientConnectorDNSError: Cannot connect to host api.telegram.org:443 ssl:default [Temporary failure in name resolution]
Traceback (most recent call last):
  File "/usr/local/lib/python3.11/site-packages/aiohttp/connector.py", line 1335, in _create_direct_connection
    hosts = await self._resolve_host(host, port, traces=traces)
            ^^^^^^^^^^^^^^^^^^^^^^^^^^^^^^^^^^^^^^^^^^^^^^^^^^^
  File "/usr/local/lib/python3.11/site-packages/aiohttp/connector.py", line 989, in _resolve_host
    return await asyncio.shield(resolved_host_task)
           ^^^^^^^^^^^^^^^^^^^^^^^^^^^^^^^^^^^^^^^^
  File "/usr/local/lib/python3.11/site-packages/aiohttp/connector.py", line 1020, in _resolve_host_with_throttle
    addrs = await self._resolver.resolve(host, port, family=self._family)
            ^^^^^^^^^^^^^^^^^^^^^^^^^^^^^^^^^^^^^^^^^^^^^^^^^^^^^^^^^^^^^
  File "/usr/local/lib/python3.11/site-packages/aiohttp/resolver.py", line 38, in resolve
    infos = await self._loop.getaddrinfo(
            ^^^^^^^^^^^^^^^^^^^^^^^^^^^^^
  File "uvloop/loop.pyx", line 1529, in getaddrinfo
socket.gaierror: [Errno -3] Temporary failure in name resolution

The above exception was the direct cause of the following exception:

Traceback (most recent call last):
  File "/usr/local/lib/python3.11/site-packages/aiogram/client/session/aiohttp.py", line 181, in make_request
    async with session.post(
  File "/usr/local/lib/python3.11/site-packages/aiohttp/client.py", line 1360, in __aenter__
    self._resp: _RetType = await self._coro
                           ^^^^^^^^^^^^^^^^
  File "/usr/local/lib/python3.11/site-packages/aiohttp/client.py", line 663, in _request
    conn = await self._connector.connect(
           ^^^^^^^^^^^^^^^^^^^^^^^^^^^^^^
  File "/usr/local/lib/python3.11/site-packages/aiohttp/connector.py", line 538, in connect
    proto = await self._create_connection(req, traces, timeout)
            ^^^^^^^^^^^^^^^^^^^^^^^^^^^^^^^^^^^^^^^^^^^^^^^^^^^
  File "/usr/local/lib/python3.11/site-packages/aiohttp/connector.py", line 1050, in _create_connection
    _, proto = await self._create_direct_connection(req, traces, timeout)
               ^^^^^^^^^^^^^^^^^^^^^^^^^^^^^^^^^^^^^^^^^^^^^^^^^^^^^^^^^^
  File "/usr/local/lib/python3.11/site-packages/aiohttp/connector.py", line 1341, in _create_direct_connection
    raise ClientConnectorDNSError(req.connection_key, exc) from exc
aiohttp.client_exceptions.ClientConnectorDNSError: Cannot connect to host api.telegram.org:443 ssl:default [Temporary failure in name resolution]

During handling of the above exception, another exception occurred:

Traceback (most recent call last):
  File "/app/app/main.py", line 68, in lifespan
    await bot.set_webhook(
  File "/usr/local/lib/python3.11/site-packages/aiogram/client/bot.py", line 3853, in set_webhook
    return await self(call, request_timeout=request_timeout)
           ^^^^^^^^^^^^^^^^^^^^^^^^^^^^^^^^^^^^^^^^^^^^^^^^^
  File "/usr/local/lib/python3.11/site-packages/aiogram/client/bot.py", line 494, in __call__
    return await self.session(self, method, timeout=request_timeout)
           ^^^^^^^^^^^^^^^^^^^^^^^^^^^^^^^^^^^^^^^^^^^^^^^^^^^^^^^^^
  File "/usr/local/lib/python3.11/site-packages/aiogram/client/session/base.py", line 254, in __call__
    return cast(TelegramType, await middleware(bot, method))
                              ^^^^^^^^^^^^^^^^^^^^^^^^^^^^^
  File "/usr/local/lib/python3.11/site-packages/aiogram/client/session/aiohttp.py", line 188, in make_request
    raise TelegramNetworkError(method=method, message=f"{type(e).__name__}: {e}")
aiogram.exceptions.TelegramNetworkError: HTTP Client says - ClientConnectorDNSError: Cannot connect to host api.telegram.org:443 ssl:default [Temporary failure in name resolution]
2026-02-10 19:21:30,543 - urllib3.connectionpool - DEBUG - Starting new HTTPS connection (1): api.vk.com:443
2026-02-10 19:21:30,545 - app.bots.vk_bot - ERROR - Failed to initialize VK bot: HTTPSConnectionPool(host='api.vk.com', port=443): Max retries exceeded with url: /method/groups.getLongPollServer (Caused by NameResolutionError("<urllib3.connection.HTTPSConnection object at 0x70645f45f310>: Failed to resolve 'api.vk.com' ([Errno -3] Temporary failure in name resolution)"))
2026-02-10 19:21:30,630 - app.services.rate_limit.service - INFO - Loaded 1 admin IDs for rate limit bypass
2026-02-10 19:39:00,157 - app.main - INFO - 🛑 Application shutting down...
2026-02-10 19:39:00,158 - app.bots.vk_bot - INFO - VK Long Poll stopped
2026-02-10 19:39:04,788 - app.core.prestart_check - INFO - ⚠️ Running in development mode. Security checks are relaxed.
2026-02-10 19:39:04,788 - app.main - INFO - 🚀 Application starting...
2026-02-10 19:39:05,315 - app.main - INFO - Webhook registered successfully.
2026-02-10 19:39:05,316 - urllib3.connectionpool - DEBUG - Starting new HTTPS connection (1): api.vk.com:443
2026-02-10 19:39:05,436 - urllib3.connectionpool - DEBUG - https://api.vk.com:443 "POST /method/groups.getLongPollServer HTTP/1.1" 200 260
2026-02-10 19:39:05,438 - app.bots.vk_bot - INFO - VK bot initialized for group 235203806
2026-02-10 19:39:05,438 - app.bots.vk_bot - INFO - VK Long Poll started in background
2026-02-10 19:39:05,441 - app.bots.vk_bot - INFO - VK Long Poll loop started
2026-02-10 19:39:05,443 - urllib3.connectionpool - DEBUG - Starting new HTTPS connection (1): lp.vk.com:443
2026-02-10 19:39:05,531 - app.services.rate_limit.service - INFO - Loaded 1 admin IDs for rate limit bypass
2026-02-10 19:39:13,454 - app.main - INFO - 🛑 Application shutting down...
2026-02-10 19:39:13,454 - app.bots.vk_bot - INFO - VK Long Poll stopped
2026-02-10 19:39:18,187 - app.core.prestart_check - INFO - ⚠️ Running in development mode. Security checks are relaxed.
2026-02-10 19:39:18,187 - app.main - INFO - 🚀 Application starting...
2026-02-10 19:39:18,659 - app.main - INFO - Webhook registered successfully.
2026-02-10 19:39:18,661 - urllib3.connectionpool - DEBUG - Starting new HTTPS connection (1): api.vk.com:443
2026-02-10 19:39:18,780 - urllib3.connectionpool - DEBUG - https://api.vk.com:443 "POST /method/groups.getLongPollServer HTTP/1.1" 200 259
2026-02-10 19:39:18,782 - app.bots.vk_bot - INFO - VK bot initialized for group 235203806
2026-02-10 19:39:18,782 - app.bots.vk_bot - INFO - VK Long Poll started in background
2026-02-10 19:39:18,785 - app.bots.vk_bot - INFO - VK Long Poll loop started
2026-02-10 19:39:18,787 - urllib3.connectionpool - DEBUG - Starting new HTTPS connection (1): lp.vk.com:443
2026-02-10 19:39:18,934 - app.services.rate_limit.service - INFO - Loaded 1 admin IDs for rate limit bypass
2026-02-10 19:39:43,920 - urllib3.connectionpool - DEBUG - https://lp.vk.com:443 "GET /whp/235203806?act=a_check&key=eyJhbGciOiJFZERTQSIsInR5cCI6IkpXVCJ9.eyJxdWV1ZV9pZCI6IjIzNTIwMzgwNiIsInVudGlsIjoxNzcwNzU1OTU5MTc5NTU1NjI2fQ.ArrqISTo_hujNJcp0PJgb6uVi8WU6YmrVMSbvs1AoK4QnfFOsYVfI4KS_dYisiqtw3uqYOkFoW6-KkOIRZo9BQ&ts=56&wait=25 HTTP/1.1" 200 26
2026-02-10 19:40:08,947 - urllib3.connectionpool - DEBUG - https://lp.vk.com:443 "GET /whp/235203806?act=a_check&key=eyJhbGciOiJFZERTQSIsInR5cCI6IkpXVCJ9.eyJxdWV1ZV9pZCI6IjIzNTIwMzgwNiIsInVudGlsIjoxNzcwNzU1OTU5MTc5NTU1NjI2fQ.ArrqISTo_hujNJcp0PJgb6uVi8WU6YmrVMSbvs1AoK4QnfFOsYVfI4KS_dYisiqtw3uqYOkFoW6-KkOIRZo9BQ&ts=56&wait=25 HTTP/1.1" 200 26
2026-02-10 19:40:33,975 - urllib3.connectionpool - DEBUG - https://lp.vk.com:443 "GET /whp/235203806?act=a_check&key=eyJhbGciOiJFZERTQSIsInR5cCI6IkpXVCJ9.eyJxdWV1ZV9pZCI6IjIzNTIwMzgwNiIsInVudGlsIjoxNzcwNzU1OTU5MTc5NTU1NjI2fQ.ArrqISTo_hujNJcp0PJgb6uVi8WU6YmrVMSbvs1AoK4QnfFOsYVfI4KS_dYisiqtw3uqYOkFoW6-KkOIRZo9BQ&ts=56&wait=25 HTTP/1.1" 200 26
2026-02-10 19:40:59,003 - urllib3.connectionpool - DEBUG - https://lp.vk.com:443 "GET /whp/235203806?act=a_check&key=eyJhbGciOiJFZERTQSIsInR5cCI6IkpXVCJ9.eyJxdWV1ZV9pZCI6IjIzNTIwMzgwNiIsInVudGlsIjoxNzcwNzU1OTU5MTc5NTU1NjI2fQ.ArrqISTo_hujNJcp0PJgb6uVi8WU6YmrVMSbvs1AoK4QnfFOsYVfI4KS_dYisiqtw3uqYOkFoW6-KkOIRZo9BQ&ts=56&wait=25 HTTP/1.1" 200 26
2026-02-10 19:41:24,032 - urllib3.connectionpool - DEBUG - https://lp.vk.com:443 "GET /whp/235203806?act=a_check&key=eyJhbGciOiJFZERTQSIsInR5cCI6IkpXVCJ9.eyJxdWV1ZV9pZCI6IjIzNTIwMzgwNiIsInVudGlsIjoxNzcwNzU1OTU5MTc5NTU1NjI2fQ.ArrqISTo_hujNJcp0PJgb6uVi8WU6YmrVMSbvs1AoK4QnfFOsYVfI4KS_dYisiqtw3uqYOkFoW6-KkOIRZo9BQ&ts=56&wait=25 HTTP/1.1" 200 26
2026-02-10 19:41:49,061 - urllib3.connectionpool - DEBUG - https://lp.vk.com:443 "GET /whp/235203806?act=a_check&key=eyJhbGciOiJFZERTQSIsInR5cCI6IkpXVCJ9.eyJxdWV1ZV9pZCI6IjIzNTIwMzgwNiIsInVudGlsIjoxNzcwNzU1OTU5MTc5NTU1NjI2fQ.ArrqISTo_hujNJcp0PJgb6uVi8WU6YmrVMSbvs1AoK4QnfFOsYVfI4KS_dYisiqtw3uqYOkFoW6-KkOIRZo9BQ&ts=56&wait=25 HTTP/1.1" 200 26
2026-02-10 19:42:14,088 - urllib3.connectionpool - DEBUG - https://lp.vk.com:443 "GET /whp/235203806?act=a_check&key=eyJhbGciOiJFZERTQSIsInR5cCI6IkpXVCJ9.eyJxdWV1ZV9pZCI6IjIzNTIwMzgwNiIsInVudGlsIjoxNzcwNzU1OTU5MTc5NTU1NjI2fQ.ArrqISTo_hujNJcp0PJgb6uVi8WU6YmrVMSbvs1AoK4QnfFOsYVfI4KS_dYisiqtw3uqYOkFoW6-KkOIRZo9BQ&ts=56&wait=25 HTTP/1.1" 200 26
2026-02-10 19:42:39,116 - urllib3.connectionpool - DEBUG - https://lp.vk.com:443 "GET /whp/235203806?act=a_check&key=eyJhbGciOiJFZERTQSIsInR5cCI6IkpXVCJ9.eyJxdWV1ZV9pZCI6IjIzNTIwMzgwNiIsInVudGlsIjoxNzcwNzU1OTU5MTc5NTU1NjI2fQ.ArrqISTo_hujNJcp0PJgb6uVi8WU6YmrVMSbvs1AoK4QnfFOsYVfI4KS_dYisiqtw3uqYOkFoW6-KkOIRZo9BQ&ts=56&wait=25 HTTP/1.1" 200 26
2026-02-10 19:43:04,171 - urllib3.connectionpool - DEBUG - https://lp.vk.com:443 "GET /whp/235203806?act=a_check&key=eyJhbGciOiJFZERTQSIsInR5cCI6IkpXVCJ9.eyJxdWV1ZV9pZCI6IjIzNTIwMzgwNiIsInVudGlsIjoxNzcwNzU1OTU5MTc5NTU1NjI2fQ.ArrqISTo_hujNJcp0PJgb6uVi8WU6YmrVMSbvs1AoK4QnfFOsYVfI4KS_dYisiqtw3uqYOkFoW6-KkOIRZo9BQ&ts=56&wait=25 HTTP/1.1" 200 26
2026-02-10 19:43:29,198 - urllib3.connectionpool - DEBUG - https://lp.vk.com:443 "GET /whp/235203806?act=a_check&key=eyJhbGciOiJFZERTQSIsInR5cCI6IkpXVCJ9.eyJxdWV1ZV9pZCI6IjIzNTIwMzgwNiIsInVudGlsIjoxNzcwNzU1OTU5MTc5NTU1NjI2fQ.ArrqISTo_hujNJcp0PJgb6uVi8WU6YmrVMSbvs1AoK4QnfFOsYVfI4KS_dYisiqtw3uqYOkFoW6-KkOIRZo9BQ&ts=56&wait=25 HTTP/1.1" 200 26
2026-02-10 19:43:54,224 - urllib3.connectionpool - DEBUG - https://lp.vk.com:443 "GET /whp/235203806?act=a_check&key=eyJhbGciOiJFZERTQSIsInR5cCI6IkpXVCJ9.eyJxdWV1ZV9pZCI6IjIzNTIwMzgwNiIsInVudGlsIjoxNzcwNzU1OTU5MTc5NTU1NjI2fQ.ArrqISTo_hujNJcp0PJgb6uVi8WU6YmrVMSbvs1AoK4QnfFOsYVfI4KS_dYisiqtw3uqYOkFoW6-KkOIRZo9BQ&ts=56&wait=25 HTTP/1.1" 200 26
2026-02-10 19:44:19,251 - urllib3.connectionpool - DEBUG - https://lp.vk.com:443 "GET /whp/235203806?act=a_check&key=eyJhbGciOiJFZERTQSIsInR5cCI6IkpXVCJ9.eyJxdWV1ZV9pZCI6IjIzNTIwMzgwNiIsInVudGlsIjoxNzcwNzU1OTU5MTc5NTU1NjI2fQ.ArrqISTo_hujNJcp0PJgb6uVi8WU6YmrVMSbvs1AoK4QnfFOsYVfI4KS_dYisiqtw3uqYOkFoW6-KkOIRZo9BQ&ts=56&wait=25 HTTP/1.1" 200 26
2026-02-10 19:44:44,278 - urllib3.connectionpool - DEBUG - https://lp.vk.com:443 "GET /whp/235203806?act=a_check&key=eyJhbGciOiJFZERTQSIsInR5cCI6IkpXVCJ9.eyJxdWV1ZV9pZCI6IjIzNTIwMzgwNiIsInVudGlsIjoxNzcwNzU1OTU5MTc5NTU1NjI2fQ.ArrqISTo_hujNJcp0PJgb6uVi8WU6YmrVMSbvs1AoK4QnfFOsYVfI4KS_dYisiqtw3uqYOkFoW6-KkOIRZo9BQ&ts=56&wait=25 HTTP/1.1" 200 26
2026-02-10 19:45:09,304 - urllib3.connectionpool - DEBUG - https://lp.vk.com:443 "GET /whp/235203806?act=a_check&key=eyJhbGciOiJFZERTQSIsInR5cCI6IkpXVCJ9.eyJxdWV1ZV9pZCI6IjIzNTIwMzgwNiIsInVudGlsIjoxNzcwNzU1OTU5MTc5NTU1NjI2fQ.ArrqISTo_hujNJcp0PJgb6uVi8WU6YmrVMSbvs1AoK4QnfFOsYVfI4KS_dYisiqtw3uqYOkFoW6-KkOIRZo9BQ&ts=56&wait=25 HTTP/1.1" 200 26
2026-02-10 19:45:34,330 - urllib3.connectionpool - DEBUG - https://lp.vk.com:443 "GET /whp/235203806?act=a_check&key=eyJhbGciOiJFZERTQSIsInR5cCI6IkpXVCJ9.eyJxdWV1ZV9pZCI6IjIzNTIwMzgwNiIsInVudGlsIjoxNzcwNzU1OTU5MTc5NTU1NjI2fQ.ArrqISTo_hujNJcp0PJgb6uVi8WU6YmrVMSbvs1AoK4QnfFOsYVfI4KS_dYisiqtw3uqYOkFoW6-KkOIRZo9BQ&ts=56&wait=25 HTTP/1.1" 200 26
2026-02-10 19:45:59,356 - urllib3.connectionpool - DEBUG - https://lp.vk.com:443 "GET /whp/235203806?act=a_check&key=eyJhbGciOiJFZERTQSIsInR5cCI6IkpXVCJ9.eyJxdWV1ZV9pZCI6IjIzNTIwMzgwNiIsInVudGlsIjoxNzcwNzU1OTU5MTc5NTU1NjI2fQ.ArrqISTo_hujNJcp0PJgb6uVi8WU6YmrVMSbvs1AoK4QnfFOsYVfI4KS_dYisiqtw3uqYOkFoW6-KkOIRZo9BQ&ts=56&wait=25 HTTP/1.1" 200 26
2026-02-10 19:46:24,384 - urllib3.connectionpool - DEBUG - https://lp.vk.com:443 "GET /whp/235203806?act=a_check&key=eyJhbGciOiJFZERTQSIsInR5cCI6IkpXVCJ9.eyJxdWV1ZV9pZCI6IjIzNTIwMzgwNiIsInVudGlsIjoxNzcwNzU1OTU5MTc5NTU1NjI2fQ.ArrqISTo_hujNJcp0PJgb6uVi8WU6YmrVMSbvs1AoK4QnfFOsYVfI4KS_dYisiqtw3uqYOkFoW6-KkOIRZo9BQ&ts=56&wait=25 HTTP/1.1" 200 26
2026-02-10 19:46:49,419 - urllib3.connectionpool - DEBUG - https://lp.vk.com:443 "GET /whp/235203806?act=a_check&key=eyJhbGciOiJFZERTQSIsInR5cCI6IkpXVCJ9.eyJxdWV1ZV9pZCI6IjIzNTIwMzgwNiIsInVudGlsIjoxNzcwNzU1OTU5MTc5NTU1NjI2fQ.ArrqISTo_hujNJcp0PJgb6uVi8WU6YmrVMSbvs1AoK4QnfFOsYVfI4KS_dYisiqtw3uqYOkFoW6-KkOIRZo9BQ&ts=56&wait=25 HTTP/1.1" 200 26
2026-02-10 19:47:14,451 - urllib3.connectionpool - DEBUG - https://lp.vk.com:443 "GET /whp/235203806?act=a_check&key=eyJhbGciOiJFZERTQSIsInR5cCI6IkpXVCJ9.eyJxdWV1ZV9pZCI6IjIzNTIwMzgwNiIsInVudGlsIjoxNzcwNzU1OTU5MTc5NTU1NjI2fQ.ArrqISTo_hujNJcp0PJgb6uVi8WU6YmrVMSbvs1AoK4QnfFOsYVfI4KS_dYisiqtw3uqYOkFoW6-KkOIRZo9BQ&ts=56&wait=25 HTTP/1.1" 200 26
2026-02-10 19:47:39,481 - urllib3.connectionpool - DEBUG - https://lp.vk.com:443 "GET /whp/235203806?act=a_check&key=eyJhbGciOiJFZERTQSIsInR5cCI6IkpXVCJ9.eyJxdWV1ZV9pZCI6IjIzNTIwMzgwNiIsInVudGlsIjoxNzcwNzU1OTU5MTc5NTU1NjI2fQ.ArrqISTo_hujNJcp0PJgb6uVi8WU6YmrVMSbvs1AoK4QnfFOsYVfI4KS_dYisiqtw3uqYOkFoW6-KkOIRZo9BQ&ts=56&wait=25 HTTP/1.1" 200 26
2026-02-10 19:48:04,512 - urllib3.connectionpool - DEBUG - https://lp.vk.com:443 "GET /whp/235203806?act=a_check&key=eyJhbGciOiJFZERTQSIsInR5cCI6IkpXVCJ9.eyJxdWV1ZV9pZCI6IjIzNTIwMzgwNiIsInVudGlsIjoxNzcwNzU1OTU5MTc5NTU1NjI2fQ.ArrqISTo_hujNJcp0PJgb6uVi8WU6YmrVMSbvs1AoK4QnfFOsYVfI4KS_dYisiqtw3uqYOkFoW6-KkOIRZo9BQ&ts=56&wait=25 HTTP/1.1" 200 26
2026-02-10 19:48:29,540 - urllib3.connectionpool - DEBUG - https://lp.vk.com:443 "GET /whp/235203806?act=a_check&key=eyJhbGciOiJFZERTQSIsInR5cCI6IkpXVCJ9.eyJxdWV1ZV9pZCI6IjIzNTIwMzgwNiIsInVudGlsIjoxNzcwNzU1OTU5MTc5NTU1NjI2fQ.ArrqISTo_hujNJcp0PJgb6uVi8WU6YmrVMSbvs1AoK4QnfFOsYVfI4KS_dYisiqtw3uqYOkFoW6-KkOIRZo9BQ&ts=56&wait=25 HTTP/1.1" 200 26
2026-02-10 19:48:54,567 - urllib3.connectionpool - DEBUG - https://lp.vk.com:443 "GET /whp/235203806?act=a_check&key=eyJhbGciOiJFZERTQSIsInR5cCI6IkpXVCJ9.eyJxdWV1ZV9pZCI6IjIzNTIwMzgwNiIsInVudGlsIjoxNzcwNzU1OTU5MTc5NTU1NjI2fQ.ArrqISTo_hujNJcp0PJgb6uVi8WU6YmrVMSbvs1AoK4QnfFOsYVfI4KS_dYisiqtw3uqYOkFoW6-KkOIRZo9BQ&ts=56&wait=25 HTTP/1.1" 200 26
2026-02-10 19:49:19,596 - urllib3.connectionpool - DEBUG - https://lp.vk.com:443 "GET /whp/235203806?act=a_check&key=eyJhbGciOiJFZERTQSIsInR5cCI6IkpXVCJ9.eyJxdWV1ZV9pZCI6IjIzNTIwMzgwNiIsInVudGlsIjoxNzcwNzU1OTU5MTc5NTU1NjI2fQ.ArrqISTo_hujNJcp0PJgb6uVi8WU6YmrVMSbvs1AoK4QnfFOsYVfI4KS_dYisiqtw3uqYOkFoW6-KkOIRZo9BQ&ts=56&wait=25 HTTP/1.1" 200 26
2026-02-10 19:49:44,623 - urllib3.connectionpool - DEBUG - https://lp.vk.com:443 "GET /whp/235203806?act=a_check&key=eyJhbGciOiJFZERTQSIsInR5cCI6IkpXVCJ9.eyJxdWV1ZV9pZCI6IjIzNTIwMzgwNiIsInVudGlsIjoxNzcwNzU1OTU5MTc5NTU1NjI2fQ.ArrqISTo_hujNJcp0PJgb6uVi8WU6YmrVMSbvs1AoK4QnfFOsYVfI4KS_dYisiqtw3uqYOkFoW6-KkOIRZo9BQ&ts=56&wait=25 HTTP/1.1" 200 26
2026-02-10 19:50:09,649 - urllib3.connectionpool - DEBUG - https://lp.vk.com:443 "GET /whp/235203806?act=a_check&key=eyJhbGciOiJFZERTQSIsInR5cCI6IkpXVCJ9.eyJxdWV1ZV9pZCI6IjIzNTIwMzgwNiIsInVudGlsIjoxNzcwNzU1OTU5MTc5NTU1NjI2fQ.ArrqISTo_hujNJcp0PJgb6uVi8WU6YmrVMSbvs1AoK4QnfFOsYVfI4KS_dYisiqtw3uqYOkFoW6-KkOIRZo9BQ&ts=56&wait=25 HTTP/1.1" 200 26
2026-02-10 19:50:34,676 - urllib3.connectionpool - DEBUG - https://lp.vk.com:443 "GET /whp/235203806?act=a_check&key=eyJhbGciOiJFZERTQSIsInR5cCI6IkpXVCJ9.eyJxdWV1ZV9pZCI6IjIzNTIwMzgwNiIsInVudGlsIjoxNzcwNzU1OTU5MTc5NTU1NjI2fQ.ArrqISTo_hujNJcp0PJgb6uVi8WU6YmrVMSbvs1AoK4QnfFOsYVfI4KS_dYisiqtw3uqYOkFoW6-KkOIRZo9BQ&ts=56&wait=25 HTTP/1.1" 200 26
2026-02-10 19:50:59,702 - urllib3.connectionpool - DEBUG - https://lp.vk.com:443 "GET /whp/235203806?act=a_check&key=eyJhbGciOiJFZERTQSIsInR5cCI6IkpXVCJ9.eyJxdWV1ZV9pZCI6IjIzNTIwMzgwNiIsInVudGlsIjoxNzcwNzU1OTU5MTc5NTU1NjI2fQ.ArrqISTo_hujNJcp0PJgb6uVi8WU6YmrVMSbvs1AoK4QnfFOsYVfI4KS_dYisiqtw3uqYOkFoW6-KkOIRZo9BQ&ts=56&wait=25 HTTP/1.1" 200 26
2026-02-10 19:51:24,729 - urllib3.connectionpool - DEBUG - https://lp.vk.com:443 "GET /whp/235203806?act=a_check&key=eyJhbGciOiJFZERTQSIsInR5cCI6IkpXVCJ9.eyJxdWV1ZV9pZCI6IjIzNTIwMzgwNiIsInVudGlsIjoxNzcwNzU1OTU5MTc5NTU1NjI2fQ.ArrqISTo_hujNJcp0PJgb6uVi8WU6YmrVMSbvs1AoK4QnfFOsYVfI4KS_dYisiqtw3uqYOkFoW6-KkOIRZo9BQ&ts=56&wait=25 HTTP/1.1" 200 26
2026-02-10 19:51:49,756 - urllib3.connectionpool - DEBUG - https://lp.vk.com:443 "GET /whp/235203806?act=a_check&key=eyJhbGciOiJFZERTQSIsInR5cCI6IkpXVCJ9.eyJxdWV1ZV9pZCI6IjIzNTIwMzgwNiIsInVudGlsIjoxNzcwNzU1OTU5MTc5NTU1NjI2fQ.ArrqISTo_hujNJcp0PJgb6uVi8WU6YmrVMSbvs1AoK4QnfFOsYVfI4KS_dYisiqtw3uqYOkFoW6-KkOIRZo9BQ&ts=56&wait=25 HTTP/1.1" 200 26
2026-02-10 19:52:14,784 - urllib3.connectionpool - DEBUG - https://lp.vk.com:443 "GET /whp/235203806?act=a_check&key=eyJhbGciOiJFZERTQSIsInR5cCI6IkpXVCJ9.eyJxdWV1ZV9pZCI6IjIzNTIwMzgwNiIsInVudGlsIjoxNzcwNzU1OTU5MTc5NTU1NjI2fQ.ArrqISTo_hujNJcp0PJgb6uVi8WU6YmrVMSbvs1AoK4QnfFOsYVfI4KS_dYisiqtw3uqYOkFoW6-KkOIRZo9BQ&ts=56&wait=25 HTTP/1.1" 200 26
2026-02-10 19:52:39,811 - urllib3.connectionpool - DEBUG - https://lp.vk.com:443 "GET /whp/235203806?act=a_check&key=eyJhbGciOiJFZERTQSIsInR5cCI6IkpXVCJ9.eyJxdWV1ZV9pZCI6IjIzNTIwMzgwNiIsInVudGlsIjoxNzcwNzU1OTU5MTc5NTU1NjI2fQ.ArrqISTo_hujNJcp0PJgb6uVi8WU6YmrVMSbvs1AoK4QnfFOsYVfI4KS_dYisiqtw3uqYOkFoW6-KkOIRZo9BQ&ts=56&wait=25 HTTP/1.1" 200 26
2026-02-10 19:53:04,838 - urllib3.connectionpool - DEBUG - https://lp.vk.com:443 "GET /whp/235203806?act=a_check&key=eyJhbGciOiJFZERTQSIsInR5cCI6IkpXVCJ9.eyJxdWV1ZV9pZCI6IjIzNTIwMzgwNiIsInVudGlsIjoxNzcwNzU1OTU5MTc5NTU1NjI2fQ.ArrqISTo_hujNJcp0PJgb6uVi8WU6YmrVMSbvs1AoK4QnfFOsYVfI4KS_dYisiqtw3uqYOkFoW6-KkOIRZo9BQ&ts=56&wait=25 HTTP/1.1" 200 26
2026-02-10 19:53:29,865 - urllib3.connectionpool - DEBUG - https://lp.vk.com:443 "GET /whp/235203806?act=a_check&key=eyJhbGciOiJFZERTQSIsInR5cCI6IkpXVCJ9.eyJxdWV1ZV9pZCI6IjIzNTIwMzgwNiIsInVudGlsIjoxNzcwNzU1OTU5MTc5NTU1NjI2fQ.ArrqISTo_hujNJcp0PJgb6uVi8WU6YmrVMSbvs1AoK4QnfFOsYVfI4KS_dYisiqtw3uqYOkFoW6-KkOIRZo9BQ&ts=56&wait=25 HTTP/1.1" 200 26
2026-02-10 19:53:54,892 - urllib3.connectionpool - DEBUG - https://lp.vk.com:443 "GET /whp/235203806?act=a_check&key=eyJhbGciOiJFZERTQSIsInR5cCI6IkpXVCJ9.eyJxdWV1ZV9pZCI6IjIzNTIwMzgwNiIsInVudGlsIjoxNzcwNzU1OTU5MTc5NTU1NjI2fQ.ArrqISTo_hujNJcp0PJgb6uVi8WU6YmrVMSbvs1AoK4QnfFOsYVfI4KS_dYisiqtw3uqYOkFoW6-KkOIRZo9BQ&ts=56&wait=25 HTTP/1.1" 200 26
2026-02-10 19:54:19,919 - urllib3.connectionpool - DEBUG - https://lp.vk.com:443 "GET /whp/235203806?act=a_check&key=eyJhbGciOiJFZERTQSIsInR5cCI6IkpXVCJ9.eyJxdWV1ZV9pZCI6IjIzNTIwMzgwNiIsInVudGlsIjoxNzcwNzU1OTU5MTc5NTU1NjI2fQ.ArrqISTo_hujNJcp0PJgb6uVi8WU6YmrVMSbvs1AoK4QnfFOsYVfI4KS_dYisiqtw3uqYOkFoW6-KkOIRZo9BQ&ts=56&wait=25 HTTP/1.1" 200 26
2026-02-10 19:54:44,946 - urllib3.connectionpool - DEBUG - https://lp.vk.com:443 "GET /whp/235203806?act=a_check&key=eyJhbGciOiJFZERTQSIsInR5cCI6IkpXVCJ9.eyJxdWV1ZV9pZCI6IjIzNTIwMzgwNiIsInVudGlsIjoxNzcwNzU1OTU5MTc5NTU1NjI2fQ.ArrqISTo_hujNJcp0PJgb6uVi8WU6YmrVMSbvs1AoK4QnfFOsYVfI4KS_dYisiqtw3uqYOkFoW6-KkOIRZo9BQ&ts=56&wait=25 HTTP/1.1" 200 26
2026-02-10 19:55:09,973 - urllib3.connectionpool - DEBUG - https://lp.vk.com:443 "GET /whp/235203806?act=a_check&key=eyJhbGciOiJFZERTQSIsInR5cCI6IkpXVCJ9.eyJxdWV1ZV9pZCI6IjIzNTIwMzgwNiIsInVudGlsIjoxNzcwNzU1OTU5MTc5NTU1NjI2fQ.ArrqISTo_hujNJcp0PJgb6uVi8WU6YmrVMSbvs1AoK4QnfFOsYVfI4KS_dYisiqtw3uqYOkFoW6-KkOIRZo9BQ&ts=56&wait=25 HTTP/1.1" 200 26
2026-02-10 19:55:35,000 - urllib3.connectionpool - DEBUG - https://lp.vk.com:443 "GET /whp/235203806?act=a_check&key=eyJhbGciOiJFZERTQSIsInR5cCI6IkpXVCJ9.eyJxdWV1ZV9pZCI6IjIzNTIwMzgwNiIsInVudGlsIjoxNzcwNzU1OTU5MTc5NTU1NjI2fQ.ArrqISTo_hujNJcp0PJgb6uVi8WU6YmrVMSbvs1AoK4QnfFOsYVfI4KS_dYisiqtw3uqYOkFoW6-KkOIRZo9BQ&ts=56&wait=25 HTTP/1.1" 200 26
2026-02-10 19:56:00,442 - urllib3.connectionpool - DEBUG - https://lp.vk.com:443 "GET /whp/235203806?act=a_check&key=eyJhbGciOiJFZERTQSIsInR5cCI6IkpXVCJ9.eyJxdWV1ZV9pZCI6IjIzNTIwMzgwNiIsInVudGlsIjoxNzcwNzU1OTU5MTc5NTU1NjI2fQ.ArrqISTo_hujNJcp0PJgb6uVi8WU6YmrVMSbvs1AoK4QnfFOsYVfI4KS_dYisiqtw3uqYOkFoW6-KkOIRZo9BQ&ts=56&wait=25 HTTP/1.1" 200 26
2026-02-10 19:56:25,470 - urllib3.connectionpool - DEBUG - https://lp.vk.com:443 "GET /whp/235203806?act=a_check&key=eyJhbGciOiJFZERTQSIsInR5cCI6IkpXVCJ9.eyJxdWV1ZV9pZCI6IjIzNTIwMzgwNiIsInVudGlsIjoxNzcwNzU1OTU5MTc5NTU1NjI2fQ.ArrqISTo_hujNJcp0PJgb6uVi8WU6YmrVMSbvs1AoK4QnfFOsYVfI4KS_dYisiqtw3uqYOkFoW6-KkOIRZo9BQ&ts=56&wait=25 HTTP/1.1" 200 26
2026-02-10 19:56:50,497 - urllib3.connectionpool - DEBUG - https://lp.vk.com:443 "GET /whp/235203806?act=a_check&key=eyJhbGciOiJFZERTQSIsInR5cCI6IkpXVCJ9.eyJxdWV1ZV9pZCI6IjIzNTIwMzgwNiIsInVudGlsIjoxNzcwNzU1OTU5MTc5NTU1NjI2fQ.ArrqISTo_hujNJcp0PJgb6uVi8WU6YmrVMSbvs1AoK4QnfFOsYVfI4KS_dYisiqtw3uqYOkFoW6-KkOIRZo9BQ&ts=56&wait=25 HTTP/1.1" 200 26
2026-02-10 19:57:15,528 - urllib3.connectionpool - DEBUG - https://lp.vk.com:443 "GET /whp/235203806?act=a_check&key=eyJhbGciOiJFZERTQSIsInR5cCI6IkpXVCJ9.eyJxdWV1ZV9pZCI6IjIzNTIwMzgwNiIsInVudGlsIjoxNzcwNzU1OTU5MTc5NTU1NjI2fQ.ArrqISTo_hujNJcp0PJgb6uVi8WU6YmrVMSbvs1AoK4QnfFOsYVfI4KS_dYisiqtw3uqYOkFoW6-KkOIRZo9BQ&ts=56&wait=25 HTTP/1.1" 200 26
2026-02-10 19:57:40,543 - urllib3.connectionpool - DEBUG - https://lp.vk.com:443 "GET /whp/235203806?act=a_check&key=eyJhbGciOiJFZERTQSIsInR5cCI6IkpXVCJ9.eyJxdWV1ZV9pZCI6IjIzNTIwMzgwNiIsInVudGlsIjoxNzcwNzU1OTU5MTc5NTU1NjI2fQ.ArrqISTo_hujNJcp0PJgb6uVi8WU6YmrVMSbvs1AoK4QnfFOsYVfI4KS_dYisiqtw3uqYOkFoW6-KkOIRZo9BQ&ts=56&wait=25 HTTP/1.1" 200 26
2026-02-10 19:58:05,557 - urllib3.connectionpool - DEBUG - https://lp.vk.com:443 "GET /whp/235203806?act=a_check&key=eyJhbGciOiJFZERTQSIsInR5cCI6IkpXVCJ9.eyJxdWV1ZV9pZCI6IjIzNTIwMzgwNiIsInVudGlsIjoxNzcwNzU1OTU5MTc5NTU1NjI2fQ.ArrqISTo_hujNJcp0PJgb6uVi8WU6YmrVMSbvs1AoK4QnfFOsYVfI4KS_dYisiqtw3uqYOkFoW6-KkOIRZo9BQ&ts=56&wait=25 HTTP/1.1" 200 26
2026-02-10 19:58:30,577 - urllib3.connectionpool - DEBUG - https://lp.vk.com:443 "GET /whp/235203806?act=a_check&key=eyJhbGciOiJFZERTQSIsInR5cCI6IkpXVCJ9.eyJxdWV1ZV9pZCI6IjIzNTIwMzgwNiIsInVudGlsIjoxNzcwNzU1OTU5MTc5NTU1NjI2fQ.ArrqISTo_hujNJcp0PJgb6uVi8WU6YmrVMSbvs1AoK4QnfFOsYVfI4KS_dYisiqtw3uqYOkFoW6-KkOIRZo9BQ&ts=56&wait=25 HTTP/1.1" 200 26
2026-02-10 19:58:55,600 - urllib3.connectionpool - DEBUG - https://lp.vk.com:443 "GET /whp/235203806?act=a_check&key=eyJhbGciOiJFZERTQSIsInR5cCI6IkpXVCJ9.eyJxdWV1ZV9pZCI6IjIzNTIwMzgwNiIsInVudGlsIjoxNzcwNzU1OTU5MTc5NTU1NjI2fQ.ArrqISTo_hujNJcp0PJgb6uVi8WU6YmrVMSbvs1AoK4QnfFOsYVfI4KS_dYisiqtw3uqYOkFoW6-KkOIRZo9BQ&ts=56&wait=25 HTTP/1.1" 200 26
2026-02-10 19:59:20,625 - urllib3.connectionpool - DEBUG - https://lp.vk.com:443 "GET /whp/235203806?act=a_check&key=eyJhbGciOiJFZERTQSIsInR5cCI6IkpXVCJ9.eyJxdWV1ZV9pZCI6IjIzNTIwMzgwNiIsInVudGlsIjoxNzcwNzU1OTU5MTc5NTU1NjI2fQ.ArrqISTo_hujNJcp0PJgb6uVi8WU6YmrVMSbvs1AoK4QnfFOsYVfI4KS_dYisiqtw3uqYOkFoW6-KkOIRZo9BQ&ts=56&wait=25 HTTP/1.1" 200 26
2026-02-10 19:59:45,656 - urllib3.connectionpool - DEBUG - https://lp.vk.com:443 "GET /whp/235203806?act=a_check&key=eyJhbGciOiJFZERTQSIsInR5cCI6IkpXVCJ9.eyJxdWV1ZV9pZCI6IjIzNTIwMzgwNiIsInVudGlsIjoxNzcwNzU1OTU5MTc5NTU1NjI2fQ.ArrqISTo_hujNJcp0PJgb6uVi8WU6YmrVMSbvs1AoK4QnfFOsYVfI4KS_dYisiqtw3uqYOkFoW6-KkOIRZo9BQ&ts=56&wait=25 HTTP/1.1" 200 26
2026-02-10 20:00:10,695 - urllib3.connectionpool - DEBUG - https://lp.vk.com:443 "GET /whp/235203806?act=a_check&key=eyJhbGciOiJFZERTQSIsInR5cCI6IkpXVCJ9.eyJxdWV1ZV9pZCI6IjIzNTIwMzgwNiIsInVudGlsIjoxNzcwNzU1OTU5MTc5NTU1NjI2fQ.ArrqISTo_hujNJcp0PJgb6uVi8WU6YmrVMSbvs1AoK4QnfFOsYVfI4KS_dYisiqtw3uqYOkFoW6-KkOIRZo9BQ&ts=56&wait=25 HTTP/1.1" 200 26
2026-02-10 20:00:35,730 - urllib3.connectionpool - DEBUG - https://lp.vk.com:443 "GET /whp/235203806?act=a_check&key=eyJhbGciOiJFZERTQSIsInR5cCI6IkpXVCJ9.eyJxdWV1ZV9pZCI6IjIzNTIwMzgwNiIsInVudGlsIjoxNzcwNzU1OTU5MTc5NTU1NjI2fQ.ArrqISTo_hujNJcp0PJgb6uVi8WU6YmrVMSbvs1AoK4QnfFOsYVfI4KS_dYisiqtw3uqYOkFoW6-KkOIRZo9BQ&ts=56&wait=25 HTTP/1.1" 200 26
2026-02-10 20:01:00,771 - urllib3.connectionpool - DEBUG - https://lp.vk.com:443 "GET /whp/235203806?act=a_check&key=eyJhbGciOiJFZERTQSIsInR5cCI6IkpXVCJ9.eyJxdWV1ZV9pZCI6IjIzNTIwMzgwNiIsInVudGlsIjoxNzcwNzU1OTU5MTc5NTU1NjI2fQ.ArrqISTo_hujNJcp0PJgb6uVi8WU6YmrVMSbvs1AoK4QnfFOsYVfI4KS_dYisiqtw3uqYOkFoW6-KkOIRZo9BQ&ts=56&wait=25 HTTP/1.1" 200 26
2026-02-10 20:01:25,801 - urllib3.connectionpool - DEBUG - https://lp.vk.com:443 "GET /whp/235203806?act=a_check&key=eyJhbGciOiJFZERTQSIsInR5cCI6IkpXVCJ9.eyJxdWV1ZV9pZCI6IjIzNTIwMzgwNiIsInVudGlsIjoxNzcwNzU1OTU5MTc5NTU1NjI2fQ.ArrqISTo_hujNJcp0PJgb6uVi8WU6YmrVMSbvs1AoK4QnfFOsYVfI4KS_dYisiqtw3uqYOkFoW6-KkOIRZo9BQ&ts=56&wait=25 HTTP/1.1" 200 26
2026-02-10 20:01:50,830 - urllib3.connectionpool - DEBUG - https://lp.vk.com:443 "GET /whp/235203806?act=a_check&key=eyJhbGciOiJFZERTQSIsInR5cCI6IkpXVCJ9.eyJxdWV1ZV9pZCI6IjIzNTIwMzgwNiIsInVudGlsIjoxNzcwNzU1OTU5MTc5NTU1NjI2fQ.ArrqISTo_hujNJcp0PJgb6uVi8WU6YmrVMSbvs1AoK4QnfFOsYVfI4KS_dYisiqtw3uqYOkFoW6-KkOIRZo9BQ&ts=56&wait=25 HTTP/1.1" 200 26
2026-02-10 20:02:15,856 - urllib3.connectionpool - DEBUG - https://lp.vk.com:443 "GET /whp/235203806?act=a_check&key=eyJhbGciOiJFZERTQSIsInR5cCI6IkpXVCJ9.eyJxdWV1ZV9pZCI6IjIzNTIwMzgwNiIsInVudGlsIjoxNzcwNzU1OTU5MTc5NTU1NjI2fQ.ArrqISTo_hujNJcp0PJgb6uVi8WU6YmrVMSbvs1AoK4QnfFOsYVfI4KS_dYisiqtw3uqYOkFoW6-KkOIRZo9BQ&ts=56&wait=25 HTTP/1.1" 200 26
2026-02-10 20:02:40,884 - urllib3.connectionpool - DEBUG - https://lp.vk.com:443 "GET /whp/235203806?act=a_check&key=eyJhbGciOiJFZERTQSIsInR5cCI6IkpXVCJ9.eyJxdWV1ZV9pZCI6IjIzNTIwMzgwNiIsInVudGlsIjoxNzcwNzU1OTU5MTc5NTU1NjI2fQ.ArrqISTo_hujNJcp0PJgb6uVi8WU6YmrVMSbvs1AoK4QnfFOsYVfI4KS_dYisiqtw3uqYOkFoW6-KkOIRZo9BQ&ts=56&wait=25 HTTP/1.1" 200 26
2026-02-10 20:03:05,911 - urllib3.connectionpool - DEBUG - https://lp.vk.com:443 "GET /whp/235203806?act=a_check&key=eyJhbGciOiJFZERTQSIsInR5cCI6IkpXVCJ9.eyJxdWV1ZV9pZCI6IjIzNTIwMzgwNiIsInVudGlsIjoxNzcwNzU1OTU5MTc5NTU1NjI2fQ.ArrqISTo_hujNJcp0PJgb6uVi8WU6YmrVMSbvs1AoK4QnfFOsYVfI4KS_dYisiqtw3uqYOkFoW6-KkOIRZo9BQ&ts=56&wait=25 HTTP/1.1" 200 26
2026-02-10 20:03:30,937 - urllib3.connectionpool - DEBUG - https://lp.vk.com:443 "GET /whp/235203806?act=a_check&key=eyJhbGciOiJFZERTQSIsInR5cCI6IkpXVCJ9.eyJxdWV1ZV9pZCI6IjIzNTIwMzgwNiIsInVudGlsIjoxNzcwNzU1OTU5MTc5NTU1NjI2fQ.ArrqISTo_hujNJcp0PJgb6uVi8WU6YmrVMSbvs1AoK4QnfFOsYVfI4KS_dYisiqtw3uqYOkFoW6-KkOIRZo9BQ&ts=56&wait=25 HTTP/1.1" 200 26
2026-02-10 20:03:55,963 - urllib3.connectionpool - DEBUG - https://lp.vk.com:443 "GET /whp/235203806?act=a_check&key=eyJhbGciOiJFZERTQSIsInR5cCI6IkpXVCJ9.eyJxdWV1ZV9pZCI6IjIzNTIwMzgwNiIsInVudGlsIjoxNzcwNzU1OTU5MTc5NTU1NjI2fQ.ArrqISTo_hujNJcp0PJgb6uVi8WU6YmrVMSbvs1AoK4QnfFOsYVfI4KS_dYisiqtw3uqYOkFoW6-KkOIRZo9BQ&ts=56&wait=25 HTTP/1.1" 200 26
2026-02-10 20:04:20,990 - urllib3.connectionpool - DEBUG - https://lp.vk.com:443 "GET /whp/235203806?act=a_check&key=eyJhbGciOiJFZERTQSIsInR5cCI6IkpXVCJ9.eyJxdWV1ZV9pZCI6IjIzNTIwMzgwNiIsInVudGlsIjoxNzcwNzU1OTU5MTc5NTU1NjI2fQ.ArrqISTo_hujNJcp0PJgb6uVi8WU6YmrVMSbvs1AoK4QnfFOsYVfI4KS_dYisiqtw3uqYOkFoW6-KkOIRZo9BQ&ts=56&wait=25 HTTP/1.1" 200 26
2026-02-10 20:04:46,017 - urllib3.connectionpool - DEBUG - https://lp.vk.com:443 "GET /whp/235203806?act=a_check&key=eyJhbGciOiJFZERTQSIsInR5cCI6IkpXVCJ9.eyJxdWV1ZV9pZCI6IjIzNTIwMzgwNiIsInVudGlsIjoxNzcwNzU1OTU5MTc5NTU1NjI2fQ.ArrqISTo_hujNJcp0PJgb6uVi8WU6YmrVMSbvs1AoK4QnfFOsYVfI4KS_dYisiqtw3uqYOkFoW6-KkOIRZo9BQ&ts=56&wait=25 HTTP/1.1" 200 26
2026-02-10 20:05:11,043 - urllib3.connectionpool - DEBUG - https://lp.vk.com:443 "GET /whp/235203806?act=a_check&key=eyJhbGciOiJFZERTQSIsInR5cCI6IkpXVCJ9.eyJxdWV1ZV9pZCI6IjIzNTIwMzgwNiIsInVudGlsIjoxNzcwNzU1OTU5MTc5NTU1NjI2fQ.ArrqISTo_hujNJcp0PJgb6uVi8WU6YmrVMSbvs1AoK4QnfFOsYVfI4KS_dYisiqtw3uqYOkFoW6-KkOIRZo9BQ&ts=56&wait=25 HTTP/1.1" 200 26
2026-02-10 20:05:36,069 - urllib3.connectionpool - DEBUG - https://lp.vk.com:443 "GET /whp/235203806?act=a_check&key=eyJhbGciOiJFZERTQSIsInR5cCI6IkpXVCJ9.eyJxdWV1ZV9pZCI6IjIzNTIwMzgwNiIsInVudGlsIjoxNzcwNzU1OTU5MTc5NTU1NjI2fQ.ArrqISTo_hujNJcp0PJgb6uVi8WU6YmrVMSbvs1AoK4QnfFOsYVfI4KS_dYisiqtw3uqYOkFoW6-KkOIRZo9BQ&ts=56&wait=25 HTTP/1.1" 200 26
2026-02-10 20:06:01,101 - urllib3.connectionpool - DEBUG - https://lp.vk.com:443 "GET /whp/235203806?act=a_check&key=eyJhbGciOiJFZERTQSIsInR5cCI6IkpXVCJ9.eyJxdWV1ZV9pZCI6IjIzNTIwMzgwNiIsInVudGlsIjoxNzcwNzU1OTU5MTc5NTU1NjI2fQ.ArrqISTo_hujNJcp0PJgb6uVi8WU6YmrVMSbvs1AoK4QnfFOsYVfI4KS_dYisiqtw3uqYOkFoW6-KkOIRZo9BQ&ts=56&wait=25 HTTP/1.1" 200 26
2026-02-10 20:06:26,129 - urllib3.connectionpool - DEBUG - https://lp.vk.com:443 "GET /whp/235203806?act=a_check&key=eyJhbGciOiJFZERTQSIsInR5cCI6IkpXVCJ9.eyJxdWV1ZV9pZCI6IjIzNTIwMzgwNiIsInVudGlsIjoxNzcwNzU1OTU5MTc5NTU1NjI2fQ.ArrqISTo_hujNJcp0PJgb6uVi8WU6YmrVMSbvs1AoK4QnfFOsYVfI4KS_dYisiqtw3uqYOkFoW6-KkOIRZo9BQ&ts=56&wait=25 HTTP/1.1" 200 26
2026-02-10 20:06:51,157 - urllib3.connectionpool - DEBUG - https://lp.vk.com:443 "GET /whp/235203806?act=a_check&key=eyJhbGciOiJFZERTQSIsInR5cCI6IkpXVCJ9.eyJxdWV1ZV9pZCI6IjIzNTIwMzgwNiIsInVudGlsIjoxNzcwNzU1OTU5MTc5NTU1NjI2fQ.ArrqISTo_hujNJcp0PJgb6uVi8WU6YmrVMSbvs1AoK4QnfFOsYVfI4KS_dYisiqtw3uqYOkFoW6-KkOIRZo9BQ&ts=56&wait=25 HTTP/1.1" 200 26
2026-02-10 20:07:16,184 - urllib3.connectionpool - DEBUG - https://lp.vk.com:443 "GET /whp/235203806?act=a_check&key=eyJhbGciOiJFZERTQSIsInR5cCI6IkpXVCJ9.eyJxdWV1ZV9pZCI6IjIzNTIwMzgwNiIsInVudGlsIjoxNzcwNzU1OTU5MTc5NTU1NjI2fQ.ArrqISTo_hujNJcp0PJgb6uVi8WU6YmrVMSbvs1AoK4QnfFOsYVfI4KS_dYisiqtw3uqYOkFoW6-KkOIRZo9BQ&ts=56&wait=25 HTTP/1.1" 200 26
2026-02-10 20:07:41,212 - urllib3.connectionpool - DEBUG - https://lp.vk.com:443 "GET /whp/235203806?act=a_check&key=eyJhbGciOiJFZERTQSIsInR5cCI6IkpXVCJ9.eyJxdWV1ZV9pZCI6IjIzNTIwMzgwNiIsInVudGlsIjoxNzcwNzU1OTU5MTc5NTU1NjI2fQ.ArrqISTo_hujNJcp0PJgb6uVi8WU6YmrVMSbvs1AoK4QnfFOsYVfI4KS_dYisiqtw3uqYOkFoW6-KkOIRZo9BQ&ts=56&wait=25 HTTP/1.1" 200 26
2026-02-10 20:08:06,244 - urllib3.connectionpool - DEBUG - https://lp.vk.com:443 "GET /whp/235203806?act=a_check&key=eyJhbGciOiJFZERTQSIsInR5cCI6IkpXVCJ9.eyJxdWV1ZV9pZCI6IjIzNTIwMzgwNiIsInVudGlsIjoxNzcwNzU1OTU5MTc5NTU1NjI2fQ.ArrqISTo_hujNJcp0PJgb6uVi8WU6YmrVMSbvs1AoK4QnfFOsYVfI4KS_dYisiqtw3uqYOkFoW6-KkOIRZo9BQ&ts=56&wait=25 HTTP/1.1" 200 26
2026-02-10 20:08:31,271 - urllib3.connectionpool - DEBUG - https://lp.vk.com:443 "GET /whp/235203806?act=a_check&key=eyJhbGciOiJFZERTQSIsInR5cCI6IkpXVCJ9.eyJxdWV1ZV9pZCI6IjIzNTIwMzgwNiIsInVudGlsIjoxNzcwNzU1OTU5MTc5NTU1NjI2fQ.ArrqISTo_hujNJcp0PJgb6uVi8WU6YmrVMSbvs1AoK4QnfFOsYVfI4KS_dYisiqtw3uqYOkFoW6-KkOIRZo9BQ&ts=56&wait=25 HTTP/1.1" 200 26
2026-02-10 20:08:56,298 - urllib3.connectionpool - DEBUG - https://lp.vk.com:443 "GET /whp/235203806?act=a_check&key=eyJhbGciOiJFZERTQSIsInR5cCI6IkpXVCJ9.eyJxdWV1ZV9pZCI6IjIzNTIwMzgwNiIsInVudGlsIjoxNzcwNzU1OTU5MTc5NTU1NjI2fQ.ArrqISTo_hujNJcp0PJgb6uVi8WU6YmrVMSbvs1AoK4QnfFOsYVfI4KS_dYisiqtw3uqYOkFoW6-KkOIRZo9BQ&ts=56&wait=25 HTTP/1.1" 200 26
2026-02-10 20:09:21,329 - urllib3.connectionpool - DEBUG - https://lp.vk.com:443 "GET /whp/235203806?act=a_check&key=eyJhbGciOiJFZERTQSIsInR5cCI6IkpXVCJ9.eyJxdWV1ZV9pZCI6IjIzNTIwMzgwNiIsInVudGlsIjoxNzcwNzU1OTU5MTc5NTU1NjI2fQ.ArrqISTo_hujNJcp0PJgb6uVi8WU6YmrVMSbvs1AoK4QnfFOsYVfI4KS_dYisiqtw3uqYOkFoW6-KkOIRZo9BQ&ts=56&wait=25 HTTP/1.1" 200 26
2026-02-10 20:09:46,360 - urllib3.connectionpool - DEBUG - https://lp.vk.com:443 "GET /whp/235203806?act=a_check&key=eyJhbGciOiJFZERTQSIsInR5cCI6IkpXVCJ9.eyJxdWV1ZV9pZCI6IjIzNTIwMzgwNiIsInVudGlsIjoxNzcwNzU1OTU5MTc5NTU1NjI2fQ.ArrqISTo_hujNJcp0PJgb6uVi8WU6YmrVMSbvs1AoK4QnfFOsYVfI4KS_dYisiqtw3uqYOkFoW6-KkOIRZo9BQ&ts=56&wait=25 HTTP/1.1" 200 26
2026-02-10 20:10:11,386 - urllib3.connectionpool - DEBUG - https://lp.vk.com:443 "GET /whp/235203806?act=a_check&key=eyJhbGciOiJFZERTQSIsInR5cCI6IkpXVCJ9.eyJxdWV1ZV9pZCI6IjIzNTIwMzgwNiIsInVudGlsIjoxNzcwNzU1OTU5MTc5NTU1NjI2fQ.ArrqISTo_hujNJcp0PJgb6uVi8WU6YmrVMSbvs1AoK4QnfFOsYVfI4KS_dYisiqtw3uqYOkFoW6-KkOIRZo9BQ&ts=56&wait=25 HTTP/1.1" 200 26
2026-02-10 20:10:36,415 - urllib3.connectionpool - DEBUG - https://lp.vk.com:443 "GET /whp/235203806?act=a_check&key=eyJhbGciOiJFZERTQSIsInR5cCI6IkpXVCJ9.eyJxdWV1ZV9pZCI6IjIzNTIwMzgwNiIsInVudGlsIjoxNzcwNzU1OTU5MTc5NTU1NjI2fQ.ArrqISTo_hujNJcp0PJgb6uVi8WU6YmrVMSbvs1AoK4QnfFOsYVfI4KS_dYisiqtw3uqYOkFoW6-KkOIRZo9BQ&ts=56&wait=25 HTTP/1.1" 200 26
2026-02-10 20:11:01,443 - urllib3.connectionpool - DEBUG - https://lp.vk.com:443 "GET /whp/235203806?act=a_check&key=eyJhbGciOiJFZERTQSIsInR5cCI6IkpXVCJ9.eyJxdWV1ZV9pZCI6IjIzNTIwMzgwNiIsInVudGlsIjoxNzcwNzU1OTU5MTc5NTU1NjI2fQ.ArrqISTo_hujNJcp0PJgb6uVi8WU6YmrVMSbvs1AoK4QnfFOsYVfI4KS_dYisiqtw3uqYOkFoW6-KkOIRZo9BQ&ts=56&wait=25 HTTP/1.1" 200 26
2026-02-10 20:11:26,471 - urllib3.connectionpool - DEBUG - https://lp.vk.com:443 "GET /whp/235203806?act=a_check&key=eyJhbGciOiJFZERTQSIsInR5cCI6IkpXVCJ9.eyJxdWV1ZV9pZCI6IjIzNTIwMzgwNiIsInVudGlsIjoxNzcwNzU1OTU5MTc5NTU1NjI2fQ.ArrqISTo_hujNJcp0PJgb6uVi8WU6YmrVMSbvs1AoK4QnfFOsYVfI4KS_dYisiqtw3uqYOkFoW6-KkOIRZo9BQ&ts=56&wait=25 HTTP/1.1" 200 26
2026-02-10 20:11:51,499 - urllib3.connectionpool - DEBUG - https://lp.vk.com:443 "GET /whp/235203806?act=a_check&key=eyJhbGciOiJFZERTQSIsInR5cCI6IkpXVCJ9.eyJxdWV1ZV9pZCI6IjIzNTIwMzgwNiIsInVudGlsIjoxNzcwNzU1OTU5MTc5NTU1NjI2fQ.ArrqISTo_hujNJcp0PJgb6uVi8WU6YmrVMSbvs1AoK4QnfFOsYVfI4KS_dYisiqtw3uqYOkFoW6-KkOIRZo9BQ&ts=56&wait=25 HTTP/1.1" 200 26
2026-02-10 20:12:16,528 - urllib3.connectionpool - DEBUG - https://lp.vk.com:443 "GET /whp/235203806?act=a_check&key=eyJhbGciOiJFZERTQSIsInR5cCI6IkpXVCJ9.eyJxdWV1ZV9pZCI6IjIzNTIwMzgwNiIsInVudGlsIjoxNzcwNzU1OTU5MTc5NTU1NjI2fQ.ArrqISTo_hujNJcp0PJgb6uVi8WU6YmrVMSbvs1AoK4QnfFOsYVfI4KS_dYisiqtw3uqYOkFoW6-KkOIRZo9BQ&ts=56&wait=25 HTTP/1.1" 200 26
2026-02-10 20:12:41,560 - urllib3.connectionpool - DEBUG - https://lp.vk.com:443 "GET /whp/235203806?act=a_check&key=eyJhbGciOiJFZERTQSIsInR5cCI6IkpXVCJ9.eyJxdWV1ZV9pZCI6IjIzNTIwMzgwNiIsInVudGlsIjoxNzcwNzU1OTU5MTc5NTU1NjI2fQ.ArrqISTo_hujNJcp0PJgb6uVi8WU6YmrVMSbvs1AoK4QnfFOsYVfI4KS_dYisiqtw3uqYOkFoW6-KkOIRZo9BQ&ts=56&wait=25 HTTP/1.1" 200 26
2026-02-10 20:13:06,588 - urllib3.connectionpool - DEBUG - https://lp.vk.com:443 "GET /whp/235203806?act=a_check&key=eyJhbGciOiJFZERTQSIsInR5cCI6IkpXVCJ9.eyJxdWV1ZV9pZCI6IjIzNTIwMzgwNiIsInVudGlsIjoxNzcwNzU1OTU5MTc5NTU1NjI2fQ.ArrqISTo_hujNJcp0PJgb6uVi8WU6YmrVMSbvs1AoK4QnfFOsYVfI4KS_dYisiqtw3uqYOkFoW6-KkOIRZo9BQ&ts=56&wait=25 HTTP/1.1" 200 26
2026-02-10 20:13:31,615 - urllib3.connectionpool - DEBUG - https://lp.vk.com:443 "GET /whp/235203806?act=a_check&key=eyJhbGciOiJFZERTQSIsInR5cCI6IkpXVCJ9.eyJxdWV1ZV9pZCI6IjIzNTIwMzgwNiIsInVudGlsIjoxNzcwNzU1OTU5MTc5NTU1NjI2fQ.ArrqISTo_hujNJcp0PJgb6uVi8WU6YmrVMSbvs1AoK4QnfFOsYVfI4KS_dYisiqtw3uqYOkFoW6-KkOIRZo9BQ&ts=56&wait=25 HTTP/1.1" 200 26
2026-02-10 20:13:56,648 - urllib3.connectionpool - DEBUG - https://lp.vk.com:443 "GET /whp/235203806?act=a_check&key=eyJhbGciOiJFZERTQSIsInR5cCI6IkpXVCJ9.eyJxdWV1ZV9pZCI6IjIzNTIwMzgwNiIsInVudGlsIjoxNzcwNzU1OTU5MTc5NTU1NjI2fQ.ArrqISTo_hujNJcp0PJgb6uVi8WU6YmrVMSbvs1AoK4QnfFOsYVfI4KS_dYisiqtw3uqYOkFoW6-KkOIRZo9BQ&ts=56&wait=25 HTTP/1.1" 200 26
2026-02-10 20:14:21,675 - urllib3.connectionpool - DEBUG - https://lp.vk.com:443 "GET /whp/235203806?act=a_check&key=eyJhbGciOiJFZERTQSIsInR5cCI6IkpXVCJ9.eyJxdWV1ZV9pZCI6IjIzNTIwMzgwNiIsInVudGlsIjoxNzcwNzU1OTU5MTc5NTU1NjI2fQ.ArrqISTo_hujNJcp0PJgb6uVi8WU6YmrVMSbvs1AoK4QnfFOsYVfI4KS_dYisiqtw3uqYOkFoW6-KkOIRZo9BQ&ts=56&wait=25 HTTP/1.1" 200 26
2026-02-10 20:14:46,703 - urllib3.connectionpool - DEBUG - https://lp.vk.com:443 "GET /whp/235203806?act=a_check&key=eyJhbGciOiJFZERTQSIsInR5cCI6IkpXVCJ9.eyJxdWV1ZV9pZCI6IjIzNTIwMzgwNiIsInVudGlsIjoxNzcwNzU1OTU5MTc5NTU1NjI2fQ.ArrqISTo_hujNJcp0PJgb6uVi8WU6YmrVMSbvs1AoK4QnfFOsYVfI4KS_dYisiqtw3uqYOkFoW6-KkOIRZo9BQ&ts=56&wait=25 HTTP/1.1" 200 26
2026-02-10 20:15:11,730 - urllib3.connectionpool - DEBUG - https://lp.vk.com:443 "GET /whp/235203806?act=a_check&key=eyJhbGciOiJFZERTQSIsInR5cCI6IkpXVCJ9.eyJxdWV1ZV9pZCI6IjIzNTIwMzgwNiIsInVudGlsIjoxNzcwNzU1OTU5MTc5NTU1NjI2fQ.ArrqISTo_hujNJcp0PJgb6uVi8WU6YmrVMSbvs1AoK4QnfFOsYVfI4KS_dYisiqtw3uqYOkFoW6-KkOIRZo9BQ&ts=56&wait=25 HTTP/1.1" 200 26
2026-02-10 20:15:36,757 - urllib3.connectionpool - DEBUG - https://lp.vk.com:443 "GET /whp/235203806?act=a_check&key=eyJhbGciOiJFZERTQSIsInR5cCI6IkpXVCJ9.eyJxdWV1ZV9pZCI6IjIzNTIwMzgwNiIsInVudGlsIjoxNzcwNzU1OTU5MTc5NTU1NjI2fQ.ArrqISTo_hujNJcp0PJgb6uVi8WU6YmrVMSbvs1AoK4QnfFOsYVfI4KS_dYisiqtw3uqYOkFoW6-KkOIRZo9BQ&ts=56&wait=25 HTTP/1.1" 200 26
2026-02-10 20:16:01,784 - urllib3.connectionpool - DEBUG - https://lp.vk.com:443 "GET /whp/235203806?act=a_check&key=eyJhbGciOiJFZERTQSIsInR5cCI6IkpXVCJ9.eyJxdWV1ZV9pZCI6IjIzNTIwMzgwNiIsInVudGlsIjoxNzcwNzU1OTU5MTc5NTU1NjI2fQ.ArrqISTo_hujNJcp0PJgb6uVi8WU6YmrVMSbvs1AoK4QnfFOsYVfI4KS_dYisiqtw3uqYOkFoW6-KkOIRZo9BQ&ts=56&wait=25 HTTP/1.1" 200 26
2026-02-10 20:16:26,811 - urllib3.connectionpool - DEBUG - https://lp.vk.com:443 "GET /whp/235203806?act=a_check&key=eyJhbGciOiJFZERTQSIsInR5cCI6IkpXVCJ9.eyJxdWV1ZV9pZCI6IjIzNTIwMzgwNiIsInVudGlsIjoxNzcwNzU1OTU5MTc5NTU1NjI2fQ.ArrqISTo_hujNJcp0PJgb6uVi8WU6YmrVMSbvs1AoK4QnfFOsYVfI4KS_dYisiqtw3uqYOkFoW6-KkOIRZo9BQ&ts=56&wait=25 HTTP/1.1" 200 26
2026-02-10 20:16:51,859 - urllib3.connectionpool - DEBUG - https://lp.vk.com:443 "GET /whp/235203806?act=a_check&key=eyJhbGciOiJFZERTQSIsInR5cCI6IkpXVCJ9.eyJxdWV1ZV9pZCI6IjIzNTIwMzgwNiIsInVudGlsIjoxNzcwNzU1OTU5MTc5NTU1NjI2fQ.ArrqISTo_hujNJcp0PJgb6uVi8WU6YmrVMSbvs1AoK4QnfFOsYVfI4KS_dYisiqtw3uqYOkFoW6-KkOIRZo9BQ&ts=56&wait=25 HTTP/1.1" 200 26
2026-02-10 20:17:16,885 - urllib3.connectionpool - DEBUG - https://lp.vk.com:443 "GET /whp/235203806?act=a_check&key=eyJhbGciOiJFZERTQSIsInR5cCI6IkpXVCJ9.eyJxdWV1ZV9pZCI6IjIzNTIwMzgwNiIsInVudGlsIjoxNzcwNzU1OTU5MTc5NTU1NjI2fQ.ArrqISTo_hujNJcp0PJgb6uVi8WU6YmrVMSbvs1AoK4QnfFOsYVfI4KS_dYisiqtw3uqYOkFoW6-KkOIRZo9BQ&ts=56&wait=25 HTTP/1.1" 200 26
2026-02-10 20:17:41,912 - urllib3.connectionpool - DEBUG - https://lp.vk.com:443 "GET /whp/235203806?act=a_check&key=eyJhbGciOiJFZERTQSIsInR5cCI6IkpXVCJ9.eyJxdWV1ZV9pZCI6IjIzNTIwMzgwNiIsInVudGlsIjoxNzcwNzU1OTU5MTc5NTU1NjI2fQ.ArrqISTo_hujNJcp0PJgb6uVi8WU6YmrVMSbvs1AoK4QnfFOsYVfI4KS_dYisiqtw3uqYOkFoW6-KkOIRZo9BQ&ts=56&wait=25 HTTP/1.1" 200 26
2026-02-10 20:18:06,939 - urllib3.connectionpool - DEBUG - https://lp.vk.com:443 "GET /whp/235203806?act=a_check&key=eyJhbGciOiJFZERTQSIsInR5cCI6IkpXVCJ9.eyJxdWV1ZV9pZCI6IjIzNTIwMzgwNiIsInVudGlsIjoxNzcwNzU1OTU5MTc5NTU1NjI2fQ.ArrqISTo_hujNJcp0PJgb6uVi8WU6YmrVMSbvs1AoK4QnfFOsYVfI4KS_dYisiqtw3uqYOkFoW6-KkOIRZo9BQ&ts=56&wait=25 HTTP/1.1" 200 26
2026-02-10 20:18:31,966 - urllib3.connectionpool - DEBUG - https://lp.vk.com:443 "GET /whp/235203806?act=a_check&key=eyJhbGciOiJFZERTQSIsInR5cCI6IkpXVCJ9.eyJxdWV1ZV9pZCI6IjIzNTIwMzgwNiIsInVudGlsIjoxNzcwNzU1OTU5MTc5NTU1NjI2fQ.ArrqISTo_hujNJcp0PJgb6uVi8WU6YmrVMSbvs1AoK4QnfFOsYVfI4KS_dYisiqtw3uqYOkFoW6-KkOIRZo9BQ&ts=56&wait=25 HTTP/1.1" 200 26
2026-02-10 20:18:56,993 - urllib3.connectionpool - DEBUG - https://lp.vk.com:443 "GET /whp/235203806?act=a_check&key=eyJhbGciOiJFZERTQSIsInR5cCI6IkpXVCJ9.eyJxdWV1ZV9pZCI6IjIzNTIwMzgwNiIsInVudGlsIjoxNzcwNzU1OTU5MTc5NTU1NjI2fQ.ArrqISTo_hujNJcp0PJgb6uVi8WU6YmrVMSbvs1AoK4QnfFOsYVfI4KS_dYisiqtw3uqYOkFoW6-KkOIRZo9BQ&ts=56&wait=25 HTTP/1.1" 200 26
2026-02-10 20:19:22,020 - urllib3.connectionpool - DEBUG - https://lp.vk.com:443 "GET /whp/235203806?act=a_check&key=eyJhbGciOiJFZERTQSIsInR5cCI6IkpXVCJ9.eyJxdWV1ZV9pZCI6IjIzNTIwMzgwNiIsInVudGlsIjoxNzcwNzU1OTU5MTc5NTU1NjI2fQ.ArrqISTo_hujNJcp0PJgb6uVi8WU6YmrVMSbvs1AoK4QnfFOsYVfI4KS_dYisiqtw3uqYOkFoW6-KkOIRZo9BQ&ts=56&wait=25 HTTP/1.1" 200 26
2026-02-10 20:19:47,046 - urllib3.connectionpool - DEBUG - https://lp.vk.com:443 "GET /whp/235203806?act=a_check&key=eyJhbGciOiJFZERTQSIsInR5cCI6IkpXVCJ9.eyJxdWV1ZV9pZCI6IjIzNTIwMzgwNiIsInVudGlsIjoxNzcwNzU1OTU5MTc5NTU1NjI2fQ.ArrqISTo_hujNJcp0PJgb6uVi8WU6YmrVMSbvs1AoK4QnfFOsYVfI4KS_dYisiqtw3uqYOkFoW6-KkOIRZo9BQ&ts=56&wait=25 HTTP/1.1" 200 26
2026-02-10 20:20:12,099 - urllib3.connectionpool - DEBUG - https://lp.vk.com:443 "GET /whp/235203806?act=a_check&key=eyJhbGciOiJFZERTQSIsInR5cCI6IkpXVCJ9.eyJxdWV1ZV9pZCI6IjIzNTIwMzgwNiIsInVudGlsIjoxNzcwNzU1OTU5MTc5NTU1NjI2fQ.ArrqISTo_hujNJcp0PJgb6uVi8WU6YmrVMSbvs1AoK4QnfFOsYVfI4KS_dYisiqtw3uqYOkFoW6-KkOIRZo9BQ&ts=56&wait=25 HTTP/1.1" 200 26
2026-02-10 20:20:37,126 - urllib3.connectionpool - DEBUG - https://lp.vk.com:443 "GET /whp/235203806?act=a_check&key=eyJhbGciOiJFZERTQSIsInR5cCI6IkpXVCJ9.eyJxdWV1ZV9pZCI6IjIzNTIwMzgwNiIsInVudGlsIjoxNzcwNzU1OTU5MTc5NTU1NjI2fQ.ArrqISTo_hujNJcp0PJgb6uVi8WU6YmrVMSbvs1AoK4QnfFOsYVfI4KS_dYisiqtw3uqYOkFoW6-KkOIRZo9BQ&ts=56&wait=25 HTTP/1.1" 200 26
2026-02-10 20:21:02,152 - urllib3.connectionpool - DEBUG - https://lp.vk.com:443 "GET /whp/235203806?act=a_check&key=eyJhbGciOiJFZERTQSIsInR5cCI6IkpXVCJ9.eyJxdWV1ZV9pZCI6IjIzNTIwMzgwNiIsInVudGlsIjoxNzcwNzU1OTU5MTc5NTU1NjI2fQ.ArrqISTo_hujNJcp0PJgb6uVi8WU6YmrVMSbvs1AoK4QnfFOsYVfI4KS_dYisiqtw3uqYOkFoW6-KkOIRZo9BQ&ts=56&wait=25 HTTP/1.1" 200 26
2026-02-10 20:21:27,179 - urllib3.connectionpool - DEBUG - https://lp.vk.com:443 "GET /whp/235203806?act=a_check&key=eyJhbGciOiJFZERTQSIsInR5cCI6IkpXVCJ9.eyJxdWV1ZV9pZCI6IjIzNTIwMzgwNiIsInVudGlsIjoxNzcwNzU1OTU5MTc5NTU1NjI2fQ.ArrqISTo_hujNJcp0PJgb6uVi8WU6YmrVMSbvs1AoK4QnfFOsYVfI4KS_dYisiqtw3uqYOkFoW6-KkOIRZo9BQ&ts=56&wait=25 HTTP/1.1" 200 26
2026-02-10 20:21:52,206 - urllib3.connectionpool - DEBUG - https://lp.vk.com:443 "GET /whp/235203806?act=a_check&key=eyJhbGciOiJFZERTQSIsInR5cCI6IkpXVCJ9.eyJxdWV1ZV9pZCI6IjIzNTIwMzgwNiIsInVudGlsIjoxNzcwNzU1OTU5MTc5NTU1NjI2fQ.ArrqISTo_hujNJcp0PJgb6uVi8WU6YmrVMSbvs1AoK4QnfFOsYVfI4KS_dYisiqtw3uqYOkFoW6-KkOIRZo9BQ&ts=56&wait=25 HTTP/1.1" 200 26
2026-02-10 20:22:17,247 - urllib3.connectionpool - DEBUG - https://lp.vk.com:443 "GET /whp/235203806?act=a_check&key=eyJhbGciOiJFZERTQSIsInR5cCI6IkpXVCJ9.eyJxdWV1ZV9pZCI6IjIzNTIwMzgwNiIsInVudGlsIjoxNzcwNzU1OTU5MTc5NTU1NjI2fQ.ArrqISTo_hujNJcp0PJgb6uVi8WU6YmrVMSbvs1AoK4QnfFOsYVfI4KS_dYisiqtw3uqYOkFoW6-KkOIRZo9BQ&ts=56&wait=25 HTTP/1.1" 200 26
2026-02-10 20:22:42,275 - urllib3.connectionpool - DEBUG - https://lp.vk.com:443 "GET /whp/235203806?act=a_check&key=eyJhbGciOiJFZERTQSIsInR5cCI6IkpXVCJ9.eyJxdWV1ZV9pZCI6IjIzNTIwMzgwNiIsInVudGlsIjoxNzcwNzU1OTU5MTc5NTU1NjI2fQ.ArrqISTo_hujNJcp0PJgb6uVi8WU6YmrVMSbvs1AoK4QnfFOsYVfI4KS_dYisiqtw3uqYOkFoW6-KkOIRZo9BQ&ts=56&wait=25 HTTP/1.1" 200 26
2026-02-10 20:23:07,303 - urllib3.connectionpool - DEBUG - https://lp.vk.com:443 "GET /whp/235203806?act=a_check&key=eyJhbGciOiJFZERTQSIsInR5cCI6IkpXVCJ9.eyJxdWV1ZV9pZCI6IjIzNTIwMzgwNiIsInVudGlsIjoxNzcwNzU1OTU5MTc5NTU1NjI2fQ.ArrqISTo_hujNJcp0PJgb6uVi8WU6YmrVMSbvs1AoK4QnfFOsYVfI4KS_dYisiqtw3uqYOkFoW6-KkOIRZo9BQ&ts=56&wait=25 HTTP/1.1" 200 26
2026-02-10 20:23:32,331 - urllib3.connectionpool - DEBUG - https://lp.vk.com:443 "GET /whp/235203806?act=a_check&key=eyJhbGciOiJFZERTQSIsInR5cCI6IkpXVCJ9.eyJxdWV1ZV9pZCI6IjIzNTIwMzgwNiIsInVudGlsIjoxNzcwNzU1OTU5MTc5NTU1NjI2fQ.ArrqISTo_hujNJcp0PJgb6uVi8WU6YmrVMSbvs1AoK4QnfFOsYVfI4KS_dYisiqtw3uqYOkFoW6-KkOIRZo9BQ&ts=56&wait=25 HTTP/1.1" 200 26
2026-02-10 20:23:57,360 - urllib3.connectionpool - DEBUG - https://lp.vk.com:443 "GET /whp/235203806?act=a_check&key=eyJhbGciOiJFZERTQSIsInR5cCI6IkpXVCJ9.eyJxdWV1ZV9pZCI6IjIzNTIwMzgwNiIsInVudGlsIjoxNzcwNzU1OTU5MTc5NTU1NjI2fQ.ArrqISTo_hujNJcp0PJgb6uVi8WU6YmrVMSbvs1AoK4QnfFOsYVfI4KS_dYisiqtw3uqYOkFoW6-KkOIRZo9BQ&ts=56&wait=25 HTTP/1.1" 200 26
2026-02-10 20:24:22,387 - urllib3.connectionpool - DEBUG - https://lp.vk.com:443 "GET /whp/235203806?act=a_check&key=eyJhbGciOiJFZERTQSIsInR5cCI6IkpXVCJ9.eyJxdWV1ZV9pZCI6IjIzNTIwMzgwNiIsInVudGlsIjoxNzcwNzU1OTU5MTc5NTU1NjI2fQ.ArrqISTo_hujNJcp0PJgb6uVi8WU6YmrVMSbvs1AoK4QnfFOsYVfI4KS_dYisiqtw3uqYOkFoW6-KkOIRZo9BQ&ts=56&wait=25 HTTP/1.1" 200 26
2026-02-10 20:24:47,413 - urllib3.connectionpool - DEBUG - https://lp.vk.com:443 "GET /whp/235203806?act=a_check&key=eyJhbGciOiJFZERTQSIsInR5cCI6IkpXVCJ9.eyJxdWV1ZV9pZCI6IjIzNTIwMzgwNiIsInVudGlsIjoxNzcwNzU1OTU5MTc5NTU1NjI2fQ.ArrqISTo_hujNJcp0PJgb6uVi8WU6YmrVMSbvs1AoK4QnfFOsYVfI4KS_dYisiqtw3uqYOkFoW6-KkOIRZo9BQ&ts=56&wait=25 HTTP/1.1" 200 26
2026-02-10 20:25:12,440 - urllib3.connectionpool - DEBUG - https://lp.vk.com:443 "GET /whp/235203806?act=a_check&key=eyJhbGciOiJFZERTQSIsInR5cCI6IkpXVCJ9.eyJxdWV1ZV9pZCI6IjIzNTIwMzgwNiIsInVudGlsIjoxNzcwNzU1OTU5MTc5NTU1NjI2fQ.ArrqISTo_hujNJcp0PJgb6uVi8WU6YmrVMSbvs1AoK4QnfFOsYVfI4KS_dYisiqtw3uqYOkFoW6-KkOIRZo9BQ&ts=56&wait=25 HTTP/1.1" 200 26
2026-02-10 20:25:37,466 - urllib3.connectionpool - DEBUG - https://lp.vk.com:443 "GET /whp/235203806?act=a_check&key=eyJhbGciOiJFZERTQSIsInR5cCI6IkpXVCJ9.eyJxdWV1ZV9pZCI6IjIzNTIwMzgwNiIsInVudGlsIjoxNzcwNzU1OTU5MTc5NTU1NjI2fQ.ArrqISTo_hujNJcp0PJgb6uVi8WU6YmrVMSbvs1AoK4QnfFOsYVfI4KS_dYisiqtw3uqYOkFoW6-KkOIRZo9BQ&ts=56&wait=25 HTTP/1.1" 200 26
2026-02-10 20:26:02,492 - urllib3.connectionpool - DEBUG - https://lp.vk.com:443 "GET /whp/235203806?act=a_check&key=eyJhbGciOiJFZERTQSIsInR5cCI6IkpXVCJ9.eyJxdWV1ZV9pZCI6IjIzNTIwMzgwNiIsInVudGlsIjoxNzcwNzU1OTU5MTc5NTU1NjI2fQ.ArrqISTo_hujNJcp0PJgb6uVi8WU6YmrVMSbvs1AoK4QnfFOsYVfI4KS_dYisiqtw3uqYOkFoW6-KkOIRZo9BQ&ts=56&wait=25 HTTP/1.1" 200 26
2026-02-10 20:26:27,519 - urllib3.connectionpool - DEBUG - https://lp.vk.com:443 "GET /whp/235203806?act=a_check&key=eyJhbGciOiJFZERTQSIsInR5cCI6IkpXVCJ9.eyJxdWV1ZV9pZCI6IjIzNTIwMzgwNiIsInVudGlsIjoxNzcwNzU1OTU5MTc5NTU1NjI2fQ.ArrqISTo_hujNJcp0PJgb6uVi8WU6YmrVMSbvs1AoK4QnfFOsYVfI4KS_dYisiqtw3uqYOkFoW6-KkOIRZo9BQ&ts=56&wait=25 HTTP/1.1" 200 26
2026-02-10 20:26:52,546 - urllib3.connectionpool - DEBUG - https://lp.vk.com:443 "GET /whp/235203806?act=a_check&key=eyJhbGciOiJFZERTQSIsInR5cCI6IkpXVCJ9.eyJxdWV1ZV9pZCI6IjIzNTIwMzgwNiIsInVudGlsIjoxNzcwNzU1OTU5MTc5NTU1NjI2fQ.ArrqISTo_hujNJcp0PJgb6uVi8WU6YmrVMSbvs1AoK4QnfFOsYVfI4KS_dYisiqtw3uqYOkFoW6-KkOIRZo9BQ&ts=56&wait=25 HTTP/1.1" 200 26
2026-02-10 20:27:17,580 - urllib3.connectionpool - DEBUG - https://lp.vk.com:443 "GET /whp/235203806?act=a_check&key=eyJhbGciOiJFZERTQSIsInR5cCI6IkpXVCJ9.eyJxdWV1ZV9pZCI6IjIzNTIwMzgwNiIsInVudGlsIjoxNzcwNzU1OTU5MTc5NTU1NjI2fQ.ArrqISTo_hujNJcp0PJgb6uVi8WU6YmrVMSbvs1AoK4QnfFOsYVfI4KS_dYisiqtw3uqYOkFoW6-KkOIRZo9BQ&ts=56&wait=25 HTTP/1.1" 200 26
2026-02-10 20:27:42,605 - urllib3.connectionpool - DEBUG - https://lp.vk.com:443 "GET /whp/235203806?act=a_check&key=eyJhbGciOiJFZERTQSIsInR5cCI6IkpXVCJ9.eyJxdWV1ZV9pZCI6IjIzNTIwMzgwNiIsInVudGlsIjoxNzcwNzU1OTU5MTc5NTU1NjI2fQ.ArrqISTo_hujNJcp0PJgb6uVi8WU6YmrVMSbvs1AoK4QnfFOsYVfI4KS_dYisiqtw3uqYOkFoW6-KkOIRZo9BQ&ts=56&wait=25 HTTP/1.1" 200 26
2026-02-10 20:28:07,631 - urllib3.connectionpool - DEBUG - https://lp.vk.com:443 "GET /whp/235203806?act=a_check&key=eyJhbGciOiJFZERTQSIsInR5cCI6IkpXVCJ9.eyJxdWV1ZV9pZCI6IjIzNTIwMzgwNiIsInVudGlsIjoxNzcwNzU1OTU5MTc5NTU1NjI2fQ.ArrqISTo_hujNJcp0PJgb6uVi8WU6YmrVMSbvs1AoK4QnfFOsYVfI4KS_dYisiqtw3uqYOkFoW6-KkOIRZo9BQ&ts=56&wait=25 HTTP/1.1" 200 26
2026-02-10 20:28:32,657 - urllib3.connectionpool - DEBUG - https://lp.vk.com:443 "GET /whp/235203806?act=a_check&key=eyJhbGciOiJFZERTQSIsInR5cCI6IkpXVCJ9.eyJxdWV1ZV9pZCI6IjIzNTIwMzgwNiIsInVudGlsIjoxNzcwNzU1OTU5MTc5NTU1NjI2fQ.ArrqISTo_hujNJcp0PJgb6uVi8WU6YmrVMSbvs1AoK4QnfFOsYVfI4KS_dYisiqtw3uqYOkFoW6-KkOIRZo9BQ&ts=56&wait=25 HTTP/1.1" 200 26
2026-02-10 20:28:57,684 - urllib3.connectionpool - DEBUG - https://lp.vk.com:443 "GET /whp/235203806?act=a_check&key=eyJhbGciOiJFZERTQSIsInR5cCI6IkpXVCJ9.eyJxdWV1ZV9pZCI6IjIzNTIwMzgwNiIsInVudGlsIjoxNzcwNzU1OTU5MTc5NTU1NjI2fQ.ArrqISTo_hujNJcp0PJgb6uVi8WU6YmrVMSbvs1AoK4QnfFOsYVfI4KS_dYisiqtw3uqYOkFoW6-KkOIRZo9BQ&ts=56&wait=25 HTTP/1.1" 200 26
2026-02-10 20:29:22,711 - urllib3.connectionpool - DEBUG - https://lp.vk.com:443 "GET /whp/235203806?act=a_check&key=eyJhbGciOiJFZERTQSIsInR5cCI6IkpXVCJ9.eyJxdWV1ZV9pZCI6IjIzNTIwMzgwNiIsInVudGlsIjoxNzcwNzU1OTU5MTc5NTU1NjI2fQ.ArrqISTo_hujNJcp0PJgb6uVi8WU6YmrVMSbvs1AoK4QnfFOsYVfI4KS_dYisiqtw3uqYOkFoW6-KkOIRZo9BQ&ts=56&wait=25 HTTP/1.1" 200 26
2026-02-10 20:29:47,736 - urllib3.connectionpool - DEBUG - https://lp.vk.com:443 "GET /whp/235203806?act=a_check&key=eyJhbGciOiJFZERTQSIsInR5cCI6IkpXVCJ9.eyJxdWV1ZV9pZCI6IjIzNTIwMzgwNiIsInVudGlsIjoxNzcwNzU1OTU5MTc5NTU1NjI2fQ.ArrqISTo_hujNJcp0PJgb6uVi8WU6YmrVMSbvs1AoK4QnfFOsYVfI4KS_dYisiqtw3uqYOkFoW6-KkOIRZo9BQ&ts=56&wait=25 HTTP/1.1" 200 26
2026-02-10 20:30:12,763 - urllib3.connectionpool - DEBUG - https://lp.vk.com:443 "GET /whp/235203806?act=a_check&key=eyJhbGciOiJFZERTQSIsInR5cCI6IkpXVCJ9.eyJxdWV1ZV9pZCI6IjIzNTIwMzgwNiIsInVudGlsIjoxNzcwNzU1OTU5MTc5NTU1NjI2fQ.ArrqISTo_hujNJcp0PJgb6uVi8WU6YmrVMSbvs1AoK4QnfFOsYVfI4KS_dYisiqtw3uqYOkFoW6-KkOIRZo9BQ&ts=56&wait=25 HTTP/1.1" 200 26
2026-02-10 20:30:37,789 - urllib3.connectionpool - DEBUG - https://lp.vk.com:443 "GET /whp/235203806?act=a_check&key=eyJhbGciOiJFZERTQSIsInR5cCI6IkpXVCJ9.eyJxdWV1ZV9pZCI6IjIzNTIwMzgwNiIsInVudGlsIjoxNzcwNzU1OTU5MTc5NTU1NjI2fQ.ArrqISTo_hujNJcp0PJgb6uVi8WU6YmrVMSbvs1AoK4QnfFOsYVfI4KS_dYisiqtw3uqYOkFoW6-KkOIRZo9BQ&ts=56&wait=25 HTTP/1.1" 200 26
2026-02-10 20:31:02,815 - urllib3.connectionpool - DEBUG - https://lp.vk.com:443 "GET /whp/235203806?act=a_check&key=eyJhbGciOiJFZERTQSIsInR5cCI6IkpXVCJ9.eyJxdWV1ZV9pZCI6IjIzNTIwMzgwNiIsInVudGlsIjoxNzcwNzU1OTU5MTc5NTU1NjI2fQ.ArrqISTo_hujNJcp0PJgb6uVi8WU6YmrVMSbvs1AoK4QnfFOsYVfI4KS_dYisiqtw3uqYOkFoW6-KkOIRZo9BQ&ts=56&wait=25 HTTP/1.1" 200 26
2026-02-10 20:31:27,841 - urllib3.connectionpool - DEBUG - https://lp.vk.com:443 "GET /whp/235203806?act=a_check&key=eyJhbGciOiJFZERTQSIsInR5cCI6IkpXVCJ9.eyJxdWV1ZV9pZCI6IjIzNTIwMzgwNiIsInVudGlsIjoxNzcwNzU1OTU5MTc5NTU1NjI2fQ.ArrqISTo_hujNJcp0PJgb6uVi8WU6YmrVMSbvs1AoK4QnfFOsYVfI4KS_dYisiqtw3uqYOkFoW6-KkOIRZo9BQ&ts=56&wait=25 HTTP/1.1" 200 26
2026-02-10 20:31:52,867 - urllib3.connectionpool - DEBUG - https://lp.vk.com:443 "GET /whp/235203806?act=a_check&key=eyJhbGciOiJFZERTQSIsInR5cCI6IkpXVCJ9.eyJxdWV1ZV9pZCI6IjIzNTIwMzgwNiIsInVudGlsIjoxNzcwNzU1OTU5MTc5NTU1NjI2fQ.ArrqISTo_hujNJcp0PJgb6uVi8WU6YmrVMSbvs1AoK4QnfFOsYVfI4KS_dYisiqtw3uqYOkFoW6-KkOIRZo9BQ&ts=56&wait=25 HTTP/1.1" 200 26
2026-02-10 20:32:17,894 - urllib3.connectionpool - DEBUG - https://lp.vk.com:443 "GET /whp/235203806?act=a_check&key=eyJhbGciOiJFZERTQSIsInR5cCI6IkpXVCJ9.eyJxdWV1ZV9pZCI6IjIzNTIwMzgwNiIsInVudGlsIjoxNzcwNzU1OTU5MTc5NTU1NjI2fQ.ArrqISTo_hujNJcp0PJgb6uVi8WU6YmrVMSbvs1AoK4QnfFOsYVfI4KS_dYisiqtw3uqYOkFoW6-KkOIRZo9BQ&ts=56&wait=25 HTTP/1.1" 200 26
2026-02-10 20:32:42,921 - urllib3.connectionpool - DEBUG - https://lp.vk.com:443 "GET /whp/235203806?act=a_check&key=eyJhbGciOiJFZERTQSIsInR5cCI6IkpXVCJ9.eyJxdWV1ZV9pZCI6IjIzNTIwMzgwNiIsInVudGlsIjoxNzcwNzU1OTU5MTc5NTU1NjI2fQ.ArrqISTo_hujNJcp0PJgb6uVi8WU6YmrVMSbvs1AoK4QnfFOsYVfI4KS_dYisiqtw3uqYOkFoW6-KkOIRZo9BQ&ts=56&wait=25 HTTP/1.1" 200 26
2026-02-10 20:33:07,946 - urllib3.connectionpool - DEBUG - https://lp.vk.com:443 "GET /whp/235203806?act=a_check&key=eyJhbGciOiJFZERTQSIsInR5cCI6IkpXVCJ9.eyJxdWV1ZV9pZCI6IjIzNTIwMzgwNiIsInVudGlsIjoxNzcwNzU1OTU5MTc5NTU1NjI2fQ.ArrqISTo_hujNJcp0PJgb6uVi8WU6YmrVMSbvs1AoK4QnfFOsYVfI4KS_dYisiqtw3uqYOkFoW6-KkOIRZo9BQ&ts=56&wait=25 HTTP/1.1" 200 26
2026-02-10 20:33:32,970 - urllib3.connectionpool - DEBUG - https://lp.vk.com:443 "GET /whp/235203806?act=a_check&key=eyJhbGciOiJFZERTQSIsInR5cCI6IkpXVCJ9.eyJxdWV1ZV9pZCI6IjIzNTIwMzgwNiIsInVudGlsIjoxNzcwNzU1OTU5MTc5NTU1NjI2fQ.ArrqISTo_hujNJcp0PJgb6uVi8WU6YmrVMSbvs1AoK4QnfFOsYVfI4KS_dYisiqtw3uqYOkFoW6-KkOIRZo9BQ&ts=56&wait=25 HTTP/1.1" 200 26
2026-02-10 20:33:57,997 - urllib3.connectionpool - DEBUG - https://lp.vk.com:443 "GET /whp/235203806?act=a_check&key=eyJhbGciOiJFZERTQSIsInR5cCI6IkpXVCJ9.eyJxdWV1ZV9pZCI6IjIzNTIwMzgwNiIsInVudGlsIjoxNzcwNzU1OTU5MTc5NTU1NjI2fQ.ArrqISTo_hujNJcp0PJgb6uVi8WU6YmrVMSbvs1AoK4QnfFOsYVfI4KS_dYisiqtw3uqYOkFoW6-KkOIRZo9BQ&ts=56&wait=25 HTTP/1.1" 200 26
2026-02-10 20:34:23,025 - urllib3.connectionpool - DEBUG - https://lp.vk.com:443 "GET /whp/235203806?act=a_check&key=eyJhbGciOiJFZERTQSIsInR5cCI6IkpXVCJ9.eyJxdWV1ZV9pZCI6IjIzNTIwMzgwNiIsInVudGlsIjoxNzcwNzU1OTU5MTc5NTU1NjI2fQ.ArrqISTo_hujNJcp0PJgb6uVi8WU6YmrVMSbvs1AoK4QnfFOsYVfI4KS_dYisiqtw3uqYOkFoW6-KkOIRZo9BQ&ts=56&wait=25 HTTP/1.1" 200 26
2026-02-10 20:34:48,055 - urllib3.connectionpool - DEBUG - https://lp.vk.com:443 "GET /whp/235203806?act=a_check&key=eyJhbGciOiJFZERTQSIsInR5cCI6IkpXVCJ9.eyJxdWV1ZV9pZCI6IjIzNTIwMzgwNiIsInVudGlsIjoxNzcwNzU1OTU5MTc5NTU1NjI2fQ.ArrqISTo_hujNJcp0PJgb6uVi8WU6YmrVMSbvs1AoK4QnfFOsYVfI4KS_dYisiqtw3uqYOkFoW6-KkOIRZo9BQ&ts=56&wait=25 HTTP/1.1" 200 26
2026-02-10 20:35:13,084 - urllib3.connectionpool - DEBUG - https://lp.vk.com:443 "GET /whp/235203806?act=a_check&key=eyJhbGciOiJFZERTQSIsInR5cCI6IkpXVCJ9.eyJxdWV1ZV9pZCI6IjIzNTIwMzgwNiIsInVudGlsIjoxNzcwNzU1OTU5MTc5NTU1NjI2fQ.ArrqISTo_hujNJcp0PJgb6uVi8WU6YmrVMSbvs1AoK4QnfFOsYVfI4KS_dYisiqtw3uqYOkFoW6-KkOIRZo9BQ&ts=56&wait=25 HTTP/1.1" 200 26
2026-02-10 20:35:38,110 - urllib3.connectionpool - DEBUG - https://lp.vk.com:443 "GET /whp/235203806?act=a_check&key=eyJhbGciOiJFZERTQSIsInR5cCI6IkpXVCJ9.eyJxdWV1ZV9pZCI6IjIzNTIwMzgwNiIsInVudGlsIjoxNzcwNzU1OTU5MTc5NTU1NjI2fQ.ArrqISTo_hujNJcp0PJgb6uVi8WU6YmrVMSbvs1AoK4QnfFOsYVfI4KS_dYisiqtw3uqYOkFoW6-KkOIRZo9BQ&ts=56&wait=25 HTTP/1.1" 200 26
2026-02-10 20:36:03,137 - urllib3.connectionpool - DEBUG - https://lp.vk.com:443 "GET /whp/235203806?act=a_check&key=eyJhbGciOiJFZERTQSIsInR5cCI6IkpXVCJ9.eyJxdWV1ZV9pZCI6IjIzNTIwMzgwNiIsInVudGlsIjoxNzcwNzU1OTU5MTc5NTU1NjI2fQ.ArrqISTo_hujNJcp0PJgb6uVi8WU6YmrVMSbvs1AoK4QnfFOsYVfI4KS_dYisiqtw3uqYOkFoW6-KkOIRZo9BQ&ts=56&wait=25 HTTP/1.1" 200 26
2026-02-10 20:36:28,164 - urllib3.connectionpool - DEBUG - https://lp.vk.com:443 "GET /whp/235203806?act=a_check&key=eyJhbGciOiJFZERTQSIsInR5cCI6IkpXVCJ9.eyJxdWV1ZV9pZCI6IjIzNTIwMzgwNiIsInVudGlsIjoxNzcwNzU1OTU5MTc5NTU1NjI2fQ.ArrqISTo_hujNJcp0PJgb6uVi8WU6YmrVMSbvs1AoK4QnfFOsYVfI4KS_dYisiqtw3uqYOkFoW6-KkOIRZo9BQ&ts=56&wait=25 HTTP/1.1" 200 26
2026-02-10 20:36:53,194 - urllib3.connectionpool - DEBUG - https://lp.vk.com:443 "GET /whp/235203806?act=a_check&key=eyJhbGciOiJFZERTQSIsInR5cCI6IkpXVCJ9.eyJxdWV1ZV9pZCI6IjIzNTIwMzgwNiIsInVudGlsIjoxNzcwNzU1OTU5MTc5NTU1NjI2fQ.ArrqISTo_hujNJcp0PJgb6uVi8WU6YmrVMSbvs1AoK4QnfFOsYVfI4KS_dYisiqtw3uqYOkFoW6-KkOIRZo9BQ&ts=56&wait=25 HTTP/1.1" 200 26
2026-02-10 20:37:18,221 - urllib3.connectionpool - DEBUG - https://lp.vk.com:443 "GET /whp/235203806?act=a_check&key=eyJhbGciOiJFZERTQSIsInR5cCI6IkpXVCJ9.eyJxdWV1ZV9pZCI6IjIzNTIwMzgwNiIsInVudGlsIjoxNzcwNzU1OTU5MTc5NTU1NjI2fQ.ArrqISTo_hujNJcp0PJgb6uVi8WU6YmrVMSbvs1AoK4QnfFOsYVfI4KS_dYisiqtw3uqYOkFoW6-KkOIRZo9BQ&ts=56&wait=25 HTTP/1.1" 200 26
2026-02-10 20:37:43,249 - urllib3.connectionpool - DEBUG - https://lp.vk.com:443 "GET /whp/235203806?act=a_check&key=eyJhbGciOiJFZERTQSIsInR5cCI6IkpXVCJ9.eyJxdWV1ZV9pZCI6IjIzNTIwMzgwNiIsInVudGlsIjoxNzcwNzU1OTU5MTc5NTU1NjI2fQ.ArrqISTo_hujNJcp0PJgb6uVi8WU6YmrVMSbvs1AoK4QnfFOsYVfI4KS_dYisiqtw3uqYOkFoW6-KkOIRZo9BQ&ts=56&wait=25 HTTP/1.1" 200 26
2026-02-10 20:38:08,277 - urllib3.connectionpool - DEBUG - https://lp.vk.com:443 "GET /whp/235203806?act=a_check&key=eyJhbGciOiJFZERTQSIsInR5cCI6IkpXVCJ9.eyJxdWV1ZV9pZCI6IjIzNTIwMzgwNiIsInVudGlsIjoxNzcwNzU1OTU5MTc5NTU1NjI2fQ.ArrqISTo_hujNJcp0PJgb6uVi8WU6YmrVMSbvs1AoK4QnfFOsYVfI4KS_dYisiqtw3uqYOkFoW6-KkOIRZo9BQ&ts=56&wait=25 HTTP/1.1" 200 26
2026-02-10 20:38:33,303 - urllib3.connectionpool - DEBUG - https://lp.vk.com:443 "GET /whp/235203806?act=a_check&key=eyJhbGciOiJFZERTQSIsInR5cCI6IkpXVCJ9.eyJxdWV1ZV9pZCI6IjIzNTIwMzgwNiIsInVudGlsIjoxNzcwNzU1OTU5MTc5NTU1NjI2fQ.ArrqISTo_hujNJcp0PJgb6uVi8WU6YmrVMSbvs1AoK4QnfFOsYVfI4KS_dYisiqtw3uqYOkFoW6-KkOIRZo9BQ&ts=56&wait=25 HTTP/1.1" 200 26
2026-02-10 20:38:58,329 - urllib3.connectionpool - DEBUG - https://lp.vk.com:443 "GET /whp/235203806?act=a_check&key=eyJhbGciOiJFZERTQSIsInR5cCI6IkpXVCJ9.eyJxdWV1ZV9pZCI6IjIzNTIwMzgwNiIsInVudGlsIjoxNzcwNzU1OTU5MTc5NTU1NjI2fQ.ArrqISTo_hujNJcp0PJgb6uVi8WU6YmrVMSbvs1AoK4QnfFOsYVfI4KS_dYisiqtw3uqYOkFoW6-KkOIRZo9BQ&ts=56&wait=25 HTTP/1.1" 200 26
2026-02-10 20:39:23,356 - urllib3.connectionpool - DEBUG - https://lp.vk.com:443 "GET /whp/235203806?act=a_check&key=eyJhbGciOiJFZERTQSIsInR5cCI6IkpXVCJ9.eyJxdWV1ZV9pZCI6IjIzNTIwMzgwNiIsInVudGlsIjoxNzcwNzU1OTU5MTc5NTU1NjI2fQ.ArrqISTo_hujNJcp0PJgb6uVi8WU6YmrVMSbvs1AoK4QnfFOsYVfI4KS_dYisiqtw3uqYOkFoW6-KkOIRZo9BQ&ts=56&wait=25 HTTP/1.1" 200 26
2026-02-10 20:39:23,403 - urllib3.connectionpool - DEBUG - https://lp.vk.com:443 "GET /whp/235203806?act=a_check&key=eyJhbGciOiJFZERTQSIsInR5cCI6IkpXVCJ9.eyJxdWV1ZV9pZCI6IjIzNTIwMzgwNiIsInVudGlsIjoxNzcwNzU1OTU5MTc5NTU1NjI2fQ.ArrqISTo_hujNJcp0PJgb6uVi8WU6YmrVMSbvs1AoK4QnfFOsYVfI4KS_dYisiqtw3uqYOkFoW6-KkOIRZo9BQ&ts=56&wait=25 HTTP/1.1" 200 14
2026-02-10 20:39:23,405 - urllib3.connectionpool - DEBUG - Resetting dropped connection: api.vk.com
2026-02-10 20:39:23,537 - urllib3.connectionpool - DEBUG - https://api.vk.com:443 "POST /method/groups.getLongPollServer HTTP/1.1" 200 260
2026-02-10 20:39:23,539 - urllib3.connectionpool - DEBUG - Resetting dropped connection: lp.vk.com
2026-02-10 20:39:48,638 - urllib3.connectionpool - DEBUG - https://lp.vk.com:443 "GET /whp/235203806?act=a_check&key=eyJhbGciOiJFZERTQSIsInR5cCI6IkpXVCJ9.eyJxdWV1ZV9pZCI6IjIzNTIwMzgwNiIsInVudGlsIjoxNzcwNzU5NTYzNTUyMzQxMTgxfQ.16f8JAkNily5nwdW04xvn31hZImPuaGEXgy3016aihYhrf0kwmKBlg8eK8HBCQgFouzZL86E_XCVhc3sMPfpBQ&ts=56&wait=25 HTTP/1.1" 200 26
2026-02-10 20:40:13,667 - urllib3.connectionpool - DEBUG - https://lp.vk.com:443 "GET /whp/235203806?act=a_check&key=eyJhbGciOiJFZERTQSIsInR5cCI6IkpXVCJ9.eyJxdWV1ZV9pZCI6IjIzNTIwMzgwNiIsInVudGlsIjoxNzcwNzU5NTYzNTUyMzQxMTgxfQ.16f8JAkNily5nwdW04xvn31hZImPuaGEXgy3016aihYhrf0kwmKBlg8eK8HBCQgFouzZL86E_XCVhc3sMPfpBQ&ts=56&wait=25 HTTP/1.1" 200 26
2026-02-10 20:40:38,691 - urllib3.connectionpool - DEBUG - https://lp.vk.com:443 "GET /whp/235203806?act=a_check&key=eyJhbGciOiJFZERTQSIsInR5cCI6IkpXVCJ9.eyJxdWV1ZV9pZCI6IjIzNTIwMzgwNiIsInVudGlsIjoxNzcwNzU5NTYzNTUyMzQxMTgxfQ.16f8JAkNily5nwdW04xvn31hZImPuaGEXgy3016aihYhrf0kwmKBlg8eK8HBCQgFouzZL86E_XCVhc3sMPfpBQ&ts=56&wait=25 HTTP/1.1" 200 26
2026-02-10 20:41:03,715 - urllib3.connectionpool - DEBUG - https://lp.vk.com:443 "GET /whp/235203806?act=a_check&key=eyJhbGciOiJFZERTQSIsInR5cCI6IkpXVCJ9.eyJxdWV1ZV9pZCI6IjIzNTIwMzgwNiIsInVudGlsIjoxNzcwNzU5NTYzNTUyMzQxMTgxfQ.16f8JAkNily5nwdW04xvn31hZImPuaGEXgy3016aihYhrf0kwmKBlg8eK8HBCQgFouzZL86E_XCVhc3sMPfpBQ&ts=56&wait=25 HTTP/1.1" 200 26
2026-02-10 20:41:28,738 - urllib3.connectionpool - DEBUG - https://lp.vk.com:443 "GET /whp/235203806?act=a_check&key=eyJhbGciOiJFZERTQSIsInR5cCI6IkpXVCJ9.eyJxdWV1ZV9pZCI6IjIzNTIwMzgwNiIsInVudGlsIjoxNzcwNzU5NTYzNTUyMzQxMTgxfQ.16f8JAkNily5nwdW04xvn31hZImPuaGEXgy3016aihYhrf0kwmKBlg8eK8HBCQgFouzZL86E_XCVhc3sMPfpBQ&ts=56&wait=25 HTTP/1.1" 200 26
2026-02-10 20:41:53,761 - urllib3.connectionpool - DEBUG - https://lp.vk.com:443 "GET /whp/235203806?act=a_check&key=eyJhbGciOiJFZERTQSIsInR5cCI6IkpXVCJ9.eyJxdWV1ZV9pZCI6IjIzNTIwMzgwNiIsInVudGlsIjoxNzcwNzU5NTYzNTUyMzQxMTgxfQ.16f8JAkNily5nwdW04xvn31hZImPuaGEXgy3016aihYhrf0kwmKBlg8eK8HBCQgFouzZL86E_XCVhc3sMPfpBQ&ts=56&wait=25 HTTP/1.1" 200 26
2026-02-10 20:42:18,785 - urllib3.connectionpool - DEBUG - https://lp.vk.com:443 "GET /whp/235203806?act=a_check&key=eyJhbGciOiJFZERTQSIsInR5cCI6IkpXVCJ9.eyJxdWV1ZV9pZCI6IjIzNTIwMzgwNiIsInVudGlsIjoxNzcwNzU5NTYzNTUyMzQxMTgxfQ.16f8JAkNily5nwdW04xvn31hZImPuaGEXgy3016aihYhrf0kwmKBlg8eK8HBCQgFouzZL86E_XCVhc3sMPfpBQ&ts=56&wait=25 HTTP/1.1" 200 26
2026-02-10 20:42:43,807 - urllib3.connectionpool - DEBUG - https://lp.vk.com:443 "GET /whp/235203806?act=a_check&key=eyJhbGciOiJFZERTQSIsInR5cCI6IkpXVCJ9.eyJxdWV1ZV9pZCI6IjIzNTIwMzgwNiIsInVudGlsIjoxNzcwNzU5NTYzNTUyMzQxMTgxfQ.16f8JAkNily5nwdW04xvn31hZImPuaGEXgy3016aihYhrf0kwmKBlg8eK8HBCQgFouzZL86E_XCVhc3sMPfpBQ&ts=56&wait=25 HTTP/1.1" 200 26
2026-02-10 20:43:08,832 - urllib3.connectionpool - DEBUG - https://lp.vk.com:443 "GET /whp/235203806?act=a_check&key=eyJhbGciOiJFZERTQSIsInR5cCI6IkpXVCJ9.eyJxdWV1ZV9pZCI6IjIzNTIwMzgwNiIsInVudGlsIjoxNzcwNzU5NTYzNTUyMzQxMTgxfQ.16f8JAkNily5nwdW04xvn31hZImPuaGEXgy3016aihYhrf0kwmKBlg8eK8HBCQgFouzZL86E_XCVhc3sMPfpBQ&ts=56&wait=25 HTTP/1.1" 200 26
2026-02-10 20:43:33,854 - urllib3.connectionpool - DEBUG - https://lp.vk.com:443 "GET /whp/235203806?act=a_check&key=eyJhbGciOiJFZERTQSIsInR5cCI6IkpXVCJ9.eyJxdWV1ZV9pZCI6IjIzNTIwMzgwNiIsInVudGlsIjoxNzcwNzU5NTYzNTUyMzQxMTgxfQ.16f8JAkNily5nwdW04xvn31hZImPuaGEXgy3016aihYhrf0kwmKBlg8eK8HBCQgFouzZL86E_XCVhc3sMPfpBQ&ts=56&wait=25 HTTP/1.1" 200 26
2026-02-10 20:43:58,879 - urllib3.connectionpool - DEBUG - https://lp.vk.com:443 "GET /whp/235203806?act=a_check&key=eyJhbGciOiJFZERTQSIsInR5cCI6IkpXVCJ9.eyJxdWV1ZV9pZCI6IjIzNTIwMzgwNiIsInVudGlsIjoxNzcwNzU5NTYzNTUyMzQxMTgxfQ.16f8JAkNily5nwdW04xvn31hZImPuaGEXgy3016aihYhrf0kwmKBlg8eK8HBCQgFouzZL86E_XCVhc3sMPfpBQ&ts=56&wait=25 HTTP/1.1" 200 26
2026-02-10 20:44:23,903 - urllib3.connectionpool - DEBUG - https://lp.vk.com:443 "GET /whp/235203806?act=a_check&key=eyJhbGciOiJFZERTQSIsInR5cCI6IkpXVCJ9.eyJxdWV1ZV9pZCI6IjIzNTIwMzgwNiIsInVudGlsIjoxNzcwNzU5NTYzNTUyMzQxMTgxfQ.16f8JAkNily5nwdW04xvn31hZImPuaGEXgy3016aihYhrf0kwmKBlg8eK8HBCQgFouzZL86E_XCVhc3sMPfpBQ&ts=56&wait=25 HTTP/1.1" 200 26
2026-02-10 20:44:48,934 - urllib3.connectionpool - DEBUG - https://lp.vk.com:443 "GET /whp/235203806?act=a_check&key=eyJhbGciOiJFZERTQSIsInR5cCI6IkpXVCJ9.eyJxdWV1ZV9pZCI6IjIzNTIwMzgwNiIsInVudGlsIjoxNzcwNzU5NTYzNTUyMzQxMTgxfQ.16f8JAkNily5nwdW04xvn31hZImPuaGEXgy3016aihYhrf0kwmKBlg8eK8HBCQgFouzZL86E_XCVhc3sMPfpBQ&ts=56&wait=25 HTTP/1.1" 200 26
2026-02-10 20:45:13,956 - urllib3.connectionpool - DEBUG - https://lp.vk.com:443 "GET /whp/235203806?act=a_check&key=eyJhbGciOiJFZERTQSIsInR5cCI6IkpXVCJ9.eyJxdWV1ZV9pZCI6IjIzNTIwMzgwNiIsInVudGlsIjoxNzcwNzU5NTYzNTUyMzQxMTgxfQ.16f8JAkNily5nwdW04xvn31hZImPuaGEXgy3016aihYhrf0kwmKBlg8eK8HBCQgFouzZL86E_XCVhc3sMPfpBQ&ts=56&wait=25 HTTP/1.1" 200 26
2026-02-10 20:45:38,980 - urllib3.connectionpool - DEBUG - https://lp.vk.com:443 "GET /whp/235203806?act=a_check&key=eyJhbGciOiJFZERTQSIsInR5cCI6IkpXVCJ9.eyJxdWV1ZV9pZCI6IjIzNTIwMzgwNiIsInVudGlsIjoxNzcwNzU5NTYzNTUyMzQxMTgxfQ.16f8JAkNily5nwdW04xvn31hZImPuaGEXgy3016aihYhrf0kwmKBlg8eK8HBCQgFouzZL86E_XCVhc3sMPfpBQ&ts=56&wait=25 HTTP/1.1" 200 26
2026-02-10 20:46:04,004 - urllib3.connectionpool - DEBUG - https://lp.vk.com:443 "GET /whp/235203806?act=a_check&key=eyJhbGciOiJFZERTQSIsInR5cCI6IkpXVCJ9.eyJxdWV1ZV9pZCI6IjIzNTIwMzgwNiIsInVudGlsIjoxNzcwNzU5NTYzNTUyMzQxMTgxfQ.16f8JAkNily5nwdW04xvn31hZImPuaGEXgy3016aihYhrf0kwmKBlg8eK8HBCQgFouzZL86E_XCVhc3sMPfpBQ&ts=56&wait=25 HTTP/1.1" 200 26
2026-02-10 20:46:29,028 - urllib3.connectionpool - DEBUG - https://lp.vk.com:443 "GET /whp/235203806?act=a_check&key=eyJhbGciOiJFZERTQSIsInR5cCI6IkpXVCJ9.eyJxdWV1ZV9pZCI6IjIzNTIwMzgwNiIsInVudGlsIjoxNzcwNzU5NTYzNTUyMzQxMTgxfQ.16f8JAkNily5nwdW04xvn31hZImPuaGEXgy3016aihYhrf0kwmKBlg8eK8HBCQgFouzZL86E_XCVhc3sMPfpBQ&ts=56&wait=25 HTTP/1.1" 200 26
2026-02-10 20:46:54,050 - urllib3.connectionpool - DEBUG - https://lp.vk.com:443 "GET /whp/235203806?act=a_check&key=eyJhbGciOiJFZERTQSIsInR5cCI6IkpXVCJ9.eyJxdWV1ZV9pZCI6IjIzNTIwMzgwNiIsInVudGlsIjoxNzcwNzU5NTYzNTUyMzQxMTgxfQ.16f8JAkNily5nwdW04xvn31hZImPuaGEXgy3016aihYhrf0kwmKBlg8eK8HBCQgFouzZL86E_XCVhc3sMPfpBQ&ts=56&wait=25 HTTP/1.1" 200 26
2026-02-10 20:47:19,075 - urllib3.connectionpool - DEBUG - https://lp.vk.com:443 "GET /whp/235203806?act=a_check&key=eyJhbGciOiJFZERTQSIsInR5cCI6IkpXVCJ9.eyJxdWV1ZV9pZCI6IjIzNTIwMzgwNiIsInVudGlsIjoxNzcwNzU5NTYzNTUyMzQxMTgxfQ.16f8JAkNily5nwdW04xvn31hZImPuaGEXgy3016aihYhrf0kwmKBlg8eK8HBCQgFouzZL86E_XCVhc3sMPfpBQ&ts=56&wait=25 HTTP/1.1" 200 26
2026-02-10 20:47:44,099 - urllib3.connectionpool - DEBUG - https://lp.vk.com:443 "GET /whp/235203806?act=a_check&key=eyJhbGciOiJFZERTQSIsInR5cCI6IkpXVCJ9.eyJxdWV1ZV9pZCI6IjIzNTIwMzgwNiIsInVudGlsIjoxNzcwNzU5NTYzNTUyMzQxMTgxfQ.16f8JAkNily5nwdW04xvn31hZImPuaGEXgy3016aihYhrf0kwmKBlg8eK8HBCQgFouzZL86E_XCVhc3sMPfpBQ&ts=56&wait=25 HTTP/1.1" 200 26
2026-02-10 20:48:09,121 - urllib3.connectionpool - DEBUG - https://lp.vk.com:443 "GET /whp/235203806?act=a_check&key=eyJhbGciOiJFZERTQSIsInR5cCI6IkpXVCJ9.eyJxdWV1ZV9pZCI6IjIzNTIwMzgwNiIsInVudGlsIjoxNzcwNzU5NTYzNTUyMzQxMTgxfQ.16f8JAkNily5nwdW04xvn31hZImPuaGEXgy3016aihYhrf0kwmKBlg8eK8HBCQgFouzZL86E_XCVhc3sMPfpBQ&ts=56&wait=25 HTTP/1.1" 200 26
2026-02-10 20:48:34,145 - urllib3.connectionpool - DEBUG - https://lp.vk.com:443 "GET /whp/235203806?act=a_check&key=eyJhbGciOiJFZERTQSIsInR5cCI6IkpXVCJ9.eyJxdWV1ZV9pZCI6IjIzNTIwMzgwNiIsInVudGlsIjoxNzcwNzU5NTYzNTUyMzQxMTgxfQ.16f8JAkNily5nwdW04xvn31hZImPuaGEXgy3016aihYhrf0kwmKBlg8eK8HBCQgFouzZL86E_XCVhc3sMPfpBQ&ts=56&wait=25 HTTP/1.1" 200 26
2026-02-10 20:48:59,167 - urllib3.connectionpool - DEBUG - https://lp.vk.com:443 "GET /whp/235203806?act=a_check&key=eyJhbGciOiJFZERTQSIsInR5cCI6IkpXVCJ9.eyJxdWV1ZV9pZCI6IjIzNTIwMzgwNiIsInVudGlsIjoxNzcwNzU5NTYzNTUyMzQxMTgxfQ.16f8JAkNily5nwdW04xvn31hZImPuaGEXgy3016aihYhrf0kwmKBlg8eK8HBCQgFouzZL86E_XCVhc3sMPfpBQ&ts=56&wait=25 HTTP/1.1" 200 26
2026-02-10 20:49:24,191 - urllib3.connectionpool - DEBUG - https://lp.vk.com:443 "GET /whp/235203806?act=a_check&key=eyJhbGciOiJFZERTQSIsInR5cCI6IkpXVCJ9.eyJxdWV1ZV9pZCI6IjIzNTIwMzgwNiIsInVudGlsIjoxNzcwNzU5NTYzNTUyMzQxMTgxfQ.16f8JAkNily5nwdW04xvn31hZImPuaGEXgy3016aihYhrf0kwmKBlg8eK8HBCQgFouzZL86E_XCVhc3sMPfpBQ&ts=56&wait=25 HTTP/1.1" 200 26
2026-02-10 20:49:49,215 - urllib3.connectionpool - DEBUG - https://lp.vk.com:443 "GET /whp/235203806?act=a_check&key=eyJhbGciOiJFZERTQSIsInR5cCI6IkpXVCJ9.eyJxdWV1ZV9pZCI6IjIzNTIwMzgwNiIsInVudGlsIjoxNzcwNzU5NTYzNTUyMzQxMTgxfQ.16f8JAkNily5nwdW04xvn31hZImPuaGEXgy3016aihYhrf0kwmKBlg8eK8HBCQgFouzZL86E_XCVhc3sMPfpBQ&ts=56&wait=25 HTTP/1.1" 200 26
2026-02-10 20:50:14,239 - urllib3.connectionpool - DEBUG - https://lp.vk.com:443 "GET /whp/235203806?act=a_check&key=eyJhbGciOiJFZERTQSIsInR5cCI6IkpXVCJ9.eyJxdWV1ZV9pZCI6IjIzNTIwMzgwNiIsInVudGlsIjoxNzcwNzU5NTYzNTUyMzQxMTgxfQ.16f8JAkNily5nwdW04xvn31hZImPuaGEXgy3016aihYhrf0kwmKBlg8eK8HBCQgFouzZL86E_XCVhc3sMPfpBQ&ts=56&wait=25 HTTP/1.1" 200 26
2026-02-10 20:50:39,263 - urllib3.connectionpool - DEBUG - https://lp.vk.com:443 "GET /whp/235203806?act=a_check&key=eyJhbGciOiJFZERTQSIsInR5cCI6IkpXVCJ9.eyJxdWV1ZV9pZCI6IjIzNTIwMzgwNiIsInVudGlsIjoxNzcwNzU5NTYzNTUyMzQxMTgxfQ.16f8JAkNily5nwdW04xvn31hZImPuaGEXgy3016aihYhrf0kwmKBlg8eK8HBCQgFouzZL86E_XCVhc3sMPfpBQ&ts=56&wait=25 HTTP/1.1" 200 26
2026-02-10 20:51:04,287 - urllib3.connectionpool - DEBUG - https://lp.vk.com:443 "GET /whp/235203806?act=a_check&key=eyJhbGciOiJFZERTQSIsInR5cCI6IkpXVCJ9.eyJxdWV1ZV9pZCI6IjIzNTIwMzgwNiIsInVudGlsIjoxNzcwNzU5NTYzNTUyMzQxMTgxfQ.16f8JAkNily5nwdW04xvn31hZImPuaGEXgy3016aihYhrf0kwmKBlg8eK8HBCQgFouzZL86E_XCVhc3sMPfpBQ&ts=56&wait=25 HTTP/1.1" 200 26
2026-02-10 20:51:29,310 - urllib3.connectionpool - DEBUG - https://lp.vk.com:443 "GET /whp/235203806?act=a_check&key=eyJhbGciOiJFZERTQSIsInR5cCI6IkpXVCJ9.eyJxdWV1ZV9pZCI6IjIzNTIwMzgwNiIsInVudGlsIjoxNzcwNzU5NTYzNTUyMzQxMTgxfQ.16f8JAkNily5nwdW04xvn31hZImPuaGEXgy3016aihYhrf0kwmKBlg8eK8HBCQgFouzZL86E_XCVhc3sMPfpBQ&ts=56&wait=25 HTTP/1.1" 200 26
2026-02-10 20:51:54,333 - urllib3.connectionpool - DEBUG - https://lp.vk.com:443 "GET /whp/235203806?act=a_check&key=eyJhbGciOiJFZERTQSIsInR5cCI6IkpXVCJ9.eyJxdWV1ZV9pZCI6IjIzNTIwMzgwNiIsInVudGlsIjoxNzcwNzU5NTYzNTUyMzQxMTgxfQ.16f8JAkNily5nwdW04xvn31hZImPuaGEXgy3016aihYhrf0kwmKBlg8eK8HBCQgFouzZL86E_XCVhc3sMPfpBQ&ts=56&wait=25 HTTP/1.1" 200 26
2026-02-10 20:52:19,357 - urllib3.connectionpool - DEBUG - https://lp.vk.com:443 "GET /whp/235203806?act=a_check&key=eyJhbGciOiJFZERTQSIsInR5cCI6IkpXVCJ9.eyJxdWV1ZV9pZCI6IjIzNTIwMzgwNiIsInVudGlsIjoxNzcwNzU5NTYzNTUyMzQxMTgxfQ.16f8JAkNily5nwdW04xvn31hZImPuaGEXgy3016aihYhrf0kwmKBlg8eK8HBCQgFouzZL86E_XCVhc3sMPfpBQ&ts=56&wait=25 HTTP/1.1" 200 26
2026-02-10 20:52:44,380 - urllib3.connectionpool - DEBUG - https://lp.vk.com:443 "GET /whp/235203806?act=a_check&key=eyJhbGciOiJFZERTQSIsInR5cCI6IkpXVCJ9.eyJxdWV1ZV9pZCI6IjIzNTIwMzgwNiIsInVudGlsIjoxNzcwNzU5NTYzNTUyMzQxMTgxfQ.16f8JAkNily5nwdW04xvn31hZImPuaGEXgy3016aihYhrf0kwmKBlg8eK8HBCQgFouzZL86E_XCVhc3sMPfpBQ&ts=56&wait=25 HTTP/1.1" 200 26
2026-02-10 20:53:09,403 - urllib3.connectionpool - DEBUG - https://lp.vk.com:443 "GET /whp/235203806?act=a_check&key=eyJhbGciOiJFZERTQSIsInR5cCI6IkpXVCJ9.eyJxdWV1ZV9pZCI6IjIzNTIwMzgwNiIsInVudGlsIjoxNzcwNzU5NTYzNTUyMzQxMTgxfQ.16f8JAkNily5nwdW04xvn31hZImPuaGEXgy3016aihYhrf0kwmKBlg8eK8HBCQgFouzZL86E_XCVhc3sMPfpBQ&ts=56&wait=25 HTTP/1.1" 200 26
2026-02-10 20:53:34,436 - urllib3.connectionpool - DEBUG - https://lp.vk.com:443 "GET /whp/235203806?act=a_check&key=eyJhbGciOiJFZERTQSIsInR5cCI6IkpXVCJ9.eyJxdWV1ZV9pZCI6IjIzNTIwMzgwNiIsInVudGlsIjoxNzcwNzU5NTYzNTUyMzQxMTgxfQ.16f8JAkNily5nwdW04xvn31hZImPuaGEXgy3016aihYhrf0kwmKBlg8eK8HBCQgFouzZL86E_XCVhc3sMPfpBQ&ts=56&wait=25 HTTP/1.1" 200 26
2026-02-10 20:53:59,459 - urllib3.connectionpool - DEBUG - https://lp.vk.com:443 "GET /whp/235203806?act=a_check&key=eyJhbGciOiJFZERTQSIsInR5cCI6IkpXVCJ9.eyJxdWV1ZV9pZCI6IjIzNTIwMzgwNiIsInVudGlsIjoxNzcwNzU5NTYzNTUyMzQxMTgxfQ.16f8JAkNily5nwdW04xvn31hZImPuaGEXgy3016aihYhrf0kwmKBlg8eK8HBCQgFouzZL86E_XCVhc3sMPfpBQ&ts=56&wait=25 HTTP/1.1" 200 26
2026-02-10 20:54:24,483 - urllib3.connectionpool - DEBUG - https://lp.vk.com:443 "GET /whp/235203806?act=a_check&key=eyJhbGciOiJFZERTQSIsInR5cCI6IkpXVCJ9.eyJxdWV1ZV9pZCI6IjIzNTIwMzgwNiIsInVudGlsIjoxNzcwNzU5NTYzNTUyMzQxMTgxfQ.16f8JAkNily5nwdW04xvn31hZImPuaGEXgy3016aihYhrf0kwmKBlg8eK8HBCQgFouzZL86E_XCVhc3sMPfpBQ&ts=56&wait=25 HTTP/1.1" 200 26
2026-02-10 20:54:49,511 - urllib3.connectionpool - DEBUG - https://lp.vk.com:443 "GET /whp/235203806?act=a_check&key=eyJhbGciOiJFZERTQSIsInR5cCI6IkpXVCJ9.eyJxdWV1ZV9pZCI6IjIzNTIwMzgwNiIsInVudGlsIjoxNzcwNzU5NTYzNTUyMzQxMTgxfQ.16f8JAkNily5nwdW04xvn31hZImPuaGEXgy3016aihYhrf0kwmKBlg8eK8HBCQgFouzZL86E_XCVhc3sMPfpBQ&ts=56&wait=25 HTTP/1.1" 200 26
2026-02-10 20:55:14,536 - urllib3.connectionpool - DEBUG - https://lp.vk.com:443 "GET /whp/235203806?act=a_check&key=eyJhbGciOiJFZERTQSIsInR5cCI6IkpXVCJ9.eyJxdWV1ZV9pZCI6IjIzNTIwMzgwNiIsInVudGlsIjoxNzcwNzU5NTYzNTUyMzQxMTgxfQ.16f8JAkNily5nwdW04xvn31hZImPuaGEXgy3016aihYhrf0kwmKBlg8eK8HBCQgFouzZL86E_XCVhc3sMPfpBQ&ts=56&wait=25 HTTP/1.1" 200 26
2026-02-10 20:55:39,560 - urllib3.connectionpool - DEBUG - https://lp.vk.com:443 "GET /whp/235203806?act=a_check&key=eyJhbGciOiJFZERTQSIsInR5cCI6IkpXVCJ9.eyJxdWV1ZV9pZCI6IjIzNTIwMzgwNiIsInVudGlsIjoxNzcwNzU5NTYzNTUyMzQxMTgxfQ.16f8JAkNily5nwdW04xvn31hZImPuaGEXgy3016aihYhrf0kwmKBlg8eK8HBCQgFouzZL86E_XCVhc3sMPfpBQ&ts=56&wait=25 HTTP/1.1" 200 26
2026-02-10 20:56:04,588 - urllib3.connectionpool - DEBUG - https://lp.vk.com:443 "GET /whp/235203806?act=a_check&key=eyJhbGciOiJFZERTQSIsInR5cCI6IkpXVCJ9.eyJxdWV1ZV9pZCI6IjIzNTIwMzgwNiIsInVudGlsIjoxNzcwNzU5NTYzNTUyMzQxMTgxfQ.16f8JAkNily5nwdW04xvn31hZImPuaGEXgy3016aihYhrf0kwmKBlg8eK8HBCQgFouzZL86E_XCVhc3sMPfpBQ&ts=56&wait=25 HTTP/1.1" 200 26
2026-02-10 20:56:29,612 - urllib3.connectionpool - DEBUG - https://lp.vk.com:443 "GET /whp/235203806?act=a_check&key=eyJhbGciOiJFZERTQSIsInR5cCI6IkpXVCJ9.eyJxdWV1ZV9pZCI6IjIzNTIwMzgwNiIsInVudGlsIjoxNzcwNzU5NTYzNTUyMzQxMTgxfQ.16f8JAkNily5nwdW04xvn31hZImPuaGEXgy3016aihYhrf0kwmKBlg8eK8HBCQgFouzZL86E_XCVhc3sMPfpBQ&ts=56&wait=25 HTTP/1.1" 200 26
2026-02-10 20:56:54,635 - urllib3.connectionpool - DEBUG - https://lp.vk.com:443 "GET /whp/235203806?act=a_check&key=eyJhbGciOiJFZERTQSIsInR5cCI6IkpXVCJ9.eyJxdWV1ZV9pZCI6IjIzNTIwMzgwNiIsInVudGlsIjoxNzcwNzU5NTYzNTUyMzQxMTgxfQ.16f8JAkNily5nwdW04xvn31hZImPuaGEXgy3016aihYhrf0kwmKBlg8eK8HBCQgFouzZL86E_XCVhc3sMPfpBQ&ts=56&wait=25 HTTP/1.1" 200 26
2026-02-10 20:57:19,659 - urllib3.connectionpool - DEBUG - https://lp.vk.com:443 "GET /whp/235203806?act=a_check&key=eyJhbGciOiJFZERTQSIsInR5cCI6IkpXVCJ9.eyJxdWV1ZV9pZCI6IjIzNTIwMzgwNiIsInVudGlsIjoxNzcwNzU5NTYzNTUyMzQxMTgxfQ.16f8JAkNily5nwdW04xvn31hZImPuaGEXgy3016aihYhrf0kwmKBlg8eK8HBCQgFouzZL86E_XCVhc3sMPfpBQ&ts=56&wait=25 HTTP/1.1" 200 26
2026-02-10 20:57:44,686 - urllib3.connectionpool - DEBUG - https://lp.vk.com:443 "GET /whp/235203806?act=a_check&key=eyJhbGciOiJFZERTQSIsInR5cCI6IkpXVCJ9.eyJxdWV1ZV9pZCI6IjIzNTIwMzgwNiIsInVudGlsIjoxNzcwNzU5NTYzNTUyMzQxMTgxfQ.16f8JAkNily5nwdW04xvn31hZImPuaGEXgy3016aihYhrf0kwmKBlg8eK8HBCQgFouzZL86E_XCVhc3sMPfpBQ&ts=56&wait=25 HTTP/1.1" 200 26
2026-02-10 20:58:09,721 - urllib3.connectionpool - DEBUG - https://lp.vk.com:443 "GET /whp/235203806?act=a_check&key=eyJhbGciOiJFZERTQSIsInR5cCI6IkpXVCJ9.eyJxdWV1ZV9pZCI6IjIzNTIwMzgwNiIsInVudGlsIjoxNzcwNzU5NTYzNTUyMzQxMTgxfQ.16f8JAkNily5nwdW04xvn31hZImPuaGEXgy3016aihYhrf0kwmKBlg8eK8HBCQgFouzZL86E_XCVhc3sMPfpBQ&ts=56&wait=25 HTTP/1.1" 200 26
2026-02-10 20:58:34,745 - urllib3.connectionpool - DEBUG - https://lp.vk.com:443 "GET /whp/235203806?act=a_check&key=eyJhbGciOiJFZERTQSIsInR5cCI6IkpXVCJ9.eyJxdWV1ZV9pZCI6IjIzNTIwMzgwNiIsInVudGlsIjoxNzcwNzU5NTYzNTUyMzQxMTgxfQ.16f8JAkNily5nwdW04xvn31hZImPuaGEXgy3016aihYhrf0kwmKBlg8eK8HBCQgFouzZL86E_XCVhc3sMPfpBQ&ts=56&wait=25 HTTP/1.1" 200 26
2026-02-10 20:58:59,770 - urllib3.connectionpool - DEBUG - https://lp.vk.com:443 "GET /whp/235203806?act=a_check&key=eyJhbGciOiJFZERTQSIsInR5cCI6IkpXVCJ9.eyJxdWV1ZV9pZCI6IjIzNTIwMzgwNiIsInVudGlsIjoxNzcwNzU5NTYzNTUyMzQxMTgxfQ.16f8JAkNily5nwdW04xvn31hZImPuaGEXgy3016aihYhrf0kwmKBlg8eK8HBCQgFouzZL86E_XCVhc3sMPfpBQ&ts=56&wait=25 HTTP/1.1" 200 26
2026-02-10 20:59:24,792 - urllib3.connectionpool - DEBUG - https://lp.vk.com:443 "GET /whp/235203806?act=a_check&key=eyJhbGciOiJFZERTQSIsInR5cCI6IkpXVCJ9.eyJxdWV1ZV9pZCI6IjIzNTIwMzgwNiIsInVudGlsIjoxNzcwNzU5NTYzNTUyMzQxMTgxfQ.16f8JAkNily5nwdW04xvn31hZImPuaGEXgy3016aihYhrf0kwmKBlg8eK8HBCQgFouzZL86E_XCVhc3sMPfpBQ&ts=56&wait=25 HTTP/1.1" 200 26
2026-02-10 20:59:49,814 - urllib3.connectionpool - DEBUG - https://lp.vk.com:443 "GET /whp/235203806?act=a_check&key=eyJhbGciOiJFZERTQSIsInR5cCI6IkpXVCJ9.eyJxdWV1ZV9pZCI6IjIzNTIwMzgwNiIsInVudGlsIjoxNzcwNzU5NTYzNTUyMzQxMTgxfQ.16f8JAkNily5nwdW04xvn31hZImPuaGEXgy3016aihYhrf0kwmKBlg8eK8HBCQgFouzZL86E_XCVhc3sMPfpBQ&ts=56&wait=25 HTTP/1.1" 200 26
2026-02-10 21:00:14,837 - urllib3.connectionpool - DEBUG - https://lp.vk.com:443 "GET /whp/235203806?act=a_check&key=eyJhbGciOiJFZERTQSIsInR5cCI6IkpXVCJ9.eyJxdWV1ZV9pZCI6IjIzNTIwMzgwNiIsInVudGlsIjoxNzcwNzU5NTYzNTUyMzQxMTgxfQ.16f8JAkNily5nwdW04xvn31hZImPuaGEXgy3016aihYhrf0kwmKBlg8eK8HBCQgFouzZL86E_XCVhc3sMPfpBQ&ts=56&wait=25 HTTP/1.1" 200 26
2026-02-10 21:00:39,860 - urllib3.connectionpool - DEBUG - https://lp.vk.com:443 "GET /whp/235203806?act=a_check&key=eyJhbGciOiJFZERTQSIsInR5cCI6IkpXVCJ9.eyJxdWV1ZV9pZCI6IjIzNTIwMzgwNiIsInVudGlsIjoxNzcwNzU5NTYzNTUyMzQxMTgxfQ.16f8JAkNily5nwdW04xvn31hZImPuaGEXgy3016aihYhrf0kwmKBlg8eK8HBCQgFouzZL86E_XCVhc3sMPfpBQ&ts=56&wait=25 HTTP/1.1" 200 26
2026-02-10 21:01:04,889 - urllib3.connectionpool - DEBUG - https://lp.vk.com:443 "GET /whp/235203806?act=a_check&key=eyJhbGciOiJFZERTQSIsInR5cCI6IkpXVCJ9.eyJxdWV1ZV9pZCI6IjIzNTIwMzgwNiIsInVudGlsIjoxNzcwNzU5NTYzNTUyMzQxMTgxfQ.16f8JAkNily5nwdW04xvn31hZImPuaGEXgy3016aihYhrf0kwmKBlg8eK8HBCQgFouzZL86E_XCVhc3sMPfpBQ&ts=56&wait=25 HTTP/1.1" 200 26
2026-02-10 21:01:29,915 - urllib3.connectionpool - DEBUG - https://lp.vk.com:443 "GET /whp/235203806?act=a_check&key=eyJhbGciOiJFZERTQSIsInR5cCI6IkpXVCJ9.eyJxdWV1ZV9pZCI6IjIzNTIwMzgwNiIsInVudGlsIjoxNzcwNzU5NTYzNTUyMzQxMTgxfQ.16f8JAkNily5nwdW04xvn31hZImPuaGEXgy3016aihYhrf0kwmKBlg8eK8HBCQgFouzZL86E_XCVhc3sMPfpBQ&ts=56&wait=25 HTTP/1.1" 200 26
2026-02-10 21:01:54,940 - urllib3.connectionpool - DEBUG - https://lp.vk.com:443 "GET /whp/235203806?act=a_check&key=eyJhbGciOiJFZERTQSIsInR5cCI6IkpXVCJ9.eyJxdWV1ZV9pZCI6IjIzNTIwMzgwNiIsInVudGlsIjoxNzcwNzU5NTYzNTUyMzQxMTgxfQ.16f8JAkNily5nwdW04xvn31hZImPuaGEXgy3016aihYhrf0kwmKBlg8eK8HBCQgFouzZL86E_XCVhc3sMPfpBQ&ts=56&wait=25 HTTP/1.1" 200 26
2026-02-10 21:02:19,968 - urllib3.connectionpool - DEBUG - https://lp.vk.com:443 "GET /whp/235203806?act=a_check&key=eyJhbGciOiJFZERTQSIsInR5cCI6IkpXVCJ9.eyJxdWV1ZV9pZCI6IjIzNTIwMzgwNiIsInVudGlsIjoxNzcwNzU5NTYzNTUyMzQxMTgxfQ.16f8JAkNily5nwdW04xvn31hZImPuaGEXgy3016aihYhrf0kwmKBlg8eK8HBCQgFouzZL86E_XCVhc3sMPfpBQ&ts=56&wait=25 HTTP/1.1" 200 26
2026-02-10 21:02:44,991 - urllib3.connectionpool - DEBUG - https://lp.vk.com:443 "GET /whp/235203806?act=a_check&key=eyJhbGciOiJFZERTQSIsInR5cCI6IkpXVCJ9.eyJxdWV1ZV9pZCI6IjIzNTIwMzgwNiIsInVudGlsIjoxNzcwNzU5NTYzNTUyMzQxMTgxfQ.16f8JAkNily5nwdW04xvn31hZImPuaGEXgy3016aihYhrf0kwmKBlg8eK8HBCQgFouzZL86E_XCVhc3sMPfpBQ&ts=56&wait=25 HTTP/1.1" 200 26
2026-02-10 21:03:10,014 - urllib3.connectionpool - DEBUG - https://lp.vk.com:443 "GET /whp/235203806?act=a_check&key=eyJhbGciOiJFZERTQSIsInR5cCI6IkpXVCJ9.eyJxdWV1ZV9pZCI6IjIzNTIwMzgwNiIsInVudGlsIjoxNzcwNzU5NTYzNTUyMzQxMTgxfQ.16f8JAkNily5nwdW04xvn31hZImPuaGEXgy3016aihYhrf0kwmKBlg8eK8HBCQgFouzZL86E_XCVhc3sMPfpBQ&ts=56&wait=25 HTTP/1.1" 200 26
2026-02-10 21:03:35,039 - urllib3.connectionpool - DEBUG - https://lp.vk.com:443 "GET /whp/235203806?act=a_check&key=eyJhbGciOiJFZERTQSIsInR5cCI6IkpXVCJ9.eyJxdWV1ZV9pZCI6IjIzNTIwMzgwNiIsInVudGlsIjoxNzcwNzU5NTYzNTUyMzQxMTgxfQ.16f8JAkNily5nwdW04xvn31hZImPuaGEXgy3016aihYhrf0kwmKBlg8eK8HBCQgFouzZL86E_XCVhc3sMPfpBQ&ts=56&wait=25 HTTP/1.1" 200 26
2026-02-10 21:04:00,067 - urllib3.connectionpool - DEBUG - https://lp.vk.com:443 "GET /whp/235203806?act=a_check&key=eyJhbGciOiJFZERTQSIsInR5cCI6IkpXVCJ9.eyJxdWV1ZV9pZCI6IjIzNTIwMzgwNiIsInVudGlsIjoxNzcwNzU5NTYzNTUyMzQxMTgxfQ.16f8JAkNily5nwdW04xvn31hZImPuaGEXgy3016aihYhrf0kwmKBlg8eK8HBCQgFouzZL86E_XCVhc3sMPfpBQ&ts=56&wait=25 HTTP/1.1" 200 26
2026-02-10 21:04:25,093 - urllib3.connectionpool - DEBUG - https://lp.vk.com:443 "GET /whp/235203806?act=a_check&key=eyJhbGciOiJFZERTQSIsInR5cCI6IkpXVCJ9.eyJxdWV1ZV9pZCI6IjIzNTIwMzgwNiIsInVudGlsIjoxNzcwNzU5NTYzNTUyMzQxMTgxfQ.16f8JAkNily5nwdW04xvn31hZImPuaGEXgy3016aihYhrf0kwmKBlg8eK8HBCQgFouzZL86E_XCVhc3sMPfpBQ&ts=56&wait=25 HTTP/1.1" 200 26
2026-02-10 21:04:50,120 - urllib3.connectionpool - DEBUG - https://lp.vk.com:443 "GET /whp/235203806?act=a_check&key=eyJhbGciOiJFZERTQSIsInR5cCI6IkpXVCJ9.eyJxdWV1ZV9pZCI6IjIzNTIwMzgwNiIsInVudGlsIjoxNzcwNzU5NTYzNTUyMzQxMTgxfQ.16f8JAkNily5nwdW04xvn31hZImPuaGEXgy3016aihYhrf0kwmKBlg8eK8HBCQgFouzZL86E_XCVhc3sMPfpBQ&ts=56&wait=25 HTTP/1.1" 200 26
2026-02-10 21:05:15,147 - urllib3.connectionpool - DEBUG - https://lp.vk.com:443 "GET /whp/235203806?act=a_check&key=eyJhbGciOiJFZERTQSIsInR5cCI6IkpXVCJ9.eyJxdWV1ZV9pZCI6IjIzNTIwMzgwNiIsInVudGlsIjoxNzcwNzU5NTYzNTUyMzQxMTgxfQ.16f8JAkNily5nwdW04xvn31hZImPuaGEXgy3016aihYhrf0kwmKBlg8eK8HBCQgFouzZL86E_XCVhc3sMPfpBQ&ts=56&wait=25 HTTP/1.1" 200 26
2026-02-10 21:05:40,176 - urllib3.connectionpool - DEBUG - https://lp.vk.com:443 "GET /whp/235203806?act=a_check&key=eyJhbGciOiJFZERTQSIsInR5cCI6IkpXVCJ9.eyJxdWV1ZV9pZCI6IjIzNTIwMzgwNiIsInVudGlsIjoxNzcwNzU5NTYzNTUyMzQxMTgxfQ.16f8JAkNily5nwdW04xvn31hZImPuaGEXgy3016aihYhrf0kwmKBlg8eK8HBCQgFouzZL86E_XCVhc3sMPfpBQ&ts=56&wait=25 HTTP/1.1" 200 26
2026-02-10 21:06:05,203 - urllib3.connectionpool - DEBUG - https://lp.vk.com:443 "GET /whp/235203806?act=a_check&key=eyJhbGciOiJFZERTQSIsInR5cCI6IkpXVCJ9.eyJxdWV1ZV9pZCI6IjIzNTIwMzgwNiIsInVudGlsIjoxNzcwNzU5NTYzNTUyMzQxMTgxfQ.16f8JAkNily5nwdW04xvn31hZImPuaGEXgy3016aihYhrf0kwmKBlg8eK8HBCQgFouzZL86E_XCVhc3sMPfpBQ&ts=56&wait=25 HTTP/1.1" 200 26
2026-02-10 21:06:30,229 - urllib3.connectionpool - DEBUG - https://lp.vk.com:443 "GET /whp/235203806?act=a_check&key=eyJhbGciOiJFZERTQSIsInR5cCI6IkpXVCJ9.eyJxdWV1ZV9pZCI6IjIzNTIwMzgwNiIsInVudGlsIjoxNzcwNzU5NTYzNTUyMzQxMTgxfQ.16f8JAkNily5nwdW04xvn31hZImPuaGEXgy3016aihYhrf0kwmKBlg8eK8HBCQgFouzZL86E_XCVhc3sMPfpBQ&ts=56&wait=25 HTTP/1.1" 200 26
2026-02-10 21:06:55,256 - urllib3.connectionpool - DEBUG - https://lp.vk.com:443 "GET /whp/235203806?act=a_check&key=eyJhbGciOiJFZERTQSIsInR5cCI6IkpXVCJ9.eyJxdWV1ZV9pZCI6IjIzNTIwMzgwNiIsInVudGlsIjoxNzcwNzU5NTYzNTUyMzQxMTgxfQ.16f8JAkNily5nwdW04xvn31hZImPuaGEXgy3016aihYhrf0kwmKBlg8eK8HBCQgFouzZL86E_XCVhc3sMPfpBQ&ts=56&wait=25 HTTP/1.1" 200 26
2026-02-10 21:07:20,283 - urllib3.connectionpool - DEBUG - https://lp.vk.com:443 "GET /whp/235203806?act=a_check&key=eyJhbGciOiJFZERTQSIsInR5cCI6IkpXVCJ9.eyJxdWV1ZV9pZCI6IjIzNTIwMzgwNiIsInVudGlsIjoxNzcwNzU5NTYzNTUyMzQxMTgxfQ.16f8JAkNily5nwdW04xvn31hZImPuaGEXgy3016aihYhrf0kwmKBlg8eK8HBCQgFouzZL86E_XCVhc3sMPfpBQ&ts=56&wait=25 HTTP/1.1" 200 26
2026-02-10 21:07:45,309 - urllib3.connectionpool - DEBUG - https://lp.vk.com:443 "GET /whp/235203806?act=a_check&key=eyJhbGciOiJFZERTQSIsInR5cCI6IkpXVCJ9.eyJxdWV1ZV9pZCI6IjIzNTIwMzgwNiIsInVudGlsIjoxNzcwNzU5NTYzNTUyMzQxMTgxfQ.16f8JAkNily5nwdW04xvn31hZImPuaGEXgy3016aihYhrf0kwmKBlg8eK8HBCQgFouzZL86E_XCVhc3sMPfpBQ&ts=56&wait=25 HTTP/1.1" 200 26
2026-02-10 21:08:10,336 - urllib3.connectionpool - DEBUG - https://lp.vk.com:443 "GET /whp/235203806?act=a_check&key=eyJhbGciOiJFZERTQSIsInR5cCI6IkpXVCJ9.eyJxdWV1ZV9pZCI6IjIzNTIwMzgwNiIsInVudGlsIjoxNzcwNzU5NTYzNTUyMzQxMTgxfQ.16f8JAkNily5nwdW04xvn31hZImPuaGEXgy3016aihYhrf0kwmKBlg8eK8HBCQgFouzZL86E_XCVhc3sMPfpBQ&ts=56&wait=25 HTTP/1.1" 200 26
2026-02-10 21:08:35,363 - urllib3.connectionpool - DEBUG - https://lp.vk.com:443 "GET /whp/235203806?act=a_check&key=eyJhbGciOiJFZERTQSIsInR5cCI6IkpXVCJ9.eyJxdWV1ZV9pZCI6IjIzNTIwMzgwNiIsInVudGlsIjoxNzcwNzU5NTYzNTUyMzQxMTgxfQ.16f8JAkNily5nwdW04xvn31hZImPuaGEXgy3016aihYhrf0kwmKBlg8eK8HBCQgFouzZL86E_XCVhc3sMPfpBQ&ts=56&wait=25 HTTP/1.1" 200 26
2026-02-10 21:09:00,388 - urllib3.connectionpool - DEBUG - https://lp.vk.com:443 "GET /whp/235203806?act=a_check&key=eyJhbGciOiJFZERTQSIsInR5cCI6IkpXVCJ9.eyJxdWV1ZV9pZCI6IjIzNTIwMzgwNiIsInVudGlsIjoxNzcwNzU5NTYzNTUyMzQxMTgxfQ.16f8JAkNily5nwdW04xvn31hZImPuaGEXgy3016aihYhrf0kwmKBlg8eK8HBCQgFouzZL86E_XCVhc3sMPfpBQ&ts=56&wait=25 HTTP/1.1" 200 26
2026-02-10 21:09:25,415 - urllib3.connectionpool - DEBUG - https://lp.vk.com:443 "GET /whp/235203806?act=a_check&key=eyJhbGciOiJFZERTQSIsInR5cCI6IkpXVCJ9.eyJxdWV1ZV9pZCI6IjIzNTIwMzgwNiIsInVudGlsIjoxNzcwNzU5NTYzNTUyMzQxMTgxfQ.16f8JAkNily5nwdW04xvn31hZImPuaGEXgy3016aihYhrf0kwmKBlg8eK8HBCQgFouzZL86E_XCVhc3sMPfpBQ&ts=56&wait=25 HTTP/1.1" 200 26
2026-02-10 21:09:50,442 - urllib3.connectionpool - DEBUG - https://lp.vk.com:443 "GET /whp/235203806?act=a_check&key=eyJhbGciOiJFZERTQSIsInR5cCI6IkpXVCJ9.eyJxdWV1ZV9pZCI6IjIzNTIwMzgwNiIsInVudGlsIjoxNzcwNzU5NTYzNTUyMzQxMTgxfQ.16f8JAkNily5nwdW04xvn31hZImPuaGEXgy3016aihYhrf0kwmKBlg8eK8HBCQgFouzZL86E_XCVhc3sMPfpBQ&ts=56&wait=25 HTTP/1.1" 200 26
2026-02-10 21:10:15,468 - urllib3.connectionpool - DEBUG - https://lp.vk.com:443 "GET /whp/235203806?act=a_check&key=eyJhbGciOiJFZERTQSIsInR5cCI6IkpXVCJ9.eyJxdWV1ZV9pZCI6IjIzNTIwMzgwNiIsInVudGlsIjoxNzcwNzU5NTYzNTUyMzQxMTgxfQ.16f8JAkNily5nwdW04xvn31hZImPuaGEXgy3016aihYhrf0kwmKBlg8eK8HBCQgFouzZL86E_XCVhc3sMPfpBQ&ts=56&wait=25 HTTP/1.1" 200 26
2026-02-10 21:10:40,493 - urllib3.connectionpool - DEBUG - https://lp.vk.com:443 "GET /whp/235203806?act=a_check&key=eyJhbGciOiJFZERTQSIsInR5cCI6IkpXVCJ9.eyJxdWV1ZV9pZCI6IjIzNTIwMzgwNiIsInVudGlsIjoxNzcwNzU5NTYzNTUyMzQxMTgxfQ.16f8JAkNily5nwdW04xvn31hZImPuaGEXgy3016aihYhrf0kwmKBlg8eK8HBCQgFouzZL86E_XCVhc3sMPfpBQ&ts=56&wait=25 HTTP/1.1" 200 26
2026-02-10 21:11:05,519 - urllib3.connectionpool - DEBUG - https://lp.vk.com:443 "GET /whp/235203806?act=a_check&key=eyJhbGciOiJFZERTQSIsInR5cCI6IkpXVCJ9.eyJxdWV1ZV9pZCI6IjIzNTIwMzgwNiIsInVudGlsIjoxNzcwNzU5NTYzNTUyMzQxMTgxfQ.16f8JAkNily5nwdW04xvn31hZImPuaGEXgy3016aihYhrf0kwmKBlg8eK8HBCQgFouzZL86E_XCVhc3sMPfpBQ&ts=56&wait=25 HTTP/1.1" 200 26
2026-02-10 21:11:30,546 - urllib3.connectionpool - DEBUG - https://lp.vk.com:443 "GET /whp/235203806?act=a_check&key=eyJhbGciOiJFZERTQSIsInR5cCI6IkpXVCJ9.eyJxdWV1ZV9pZCI6IjIzNTIwMzgwNiIsInVudGlsIjoxNzcwNzU5NTYzNTUyMzQxMTgxfQ.16f8JAkNily5nwdW04xvn31hZImPuaGEXgy3016aihYhrf0kwmKBlg8eK8HBCQgFouzZL86E_XCVhc3sMPfpBQ&ts=56&wait=25 HTTP/1.1" 200 26
2026-02-10 21:11:55,581 - urllib3.connectionpool - DEBUG - https://lp.vk.com:443 "GET /whp/235203806?act=a_check&key=eyJhbGciOiJFZERTQSIsInR5cCI6IkpXVCJ9.eyJxdWV1ZV9pZCI6IjIzNTIwMzgwNiIsInVudGlsIjoxNzcwNzU5NTYzNTUyMzQxMTgxfQ.16f8JAkNily5nwdW04xvn31hZImPuaGEXgy3016aihYhrf0kwmKBlg8eK8HBCQgFouzZL86E_XCVhc3sMPfpBQ&ts=56&wait=25 HTTP/1.1" 200 26
2026-02-10 21:12:20,608 - urllib3.connectionpool - DEBUG - https://lp.vk.com:443 "GET /whp/235203806?act=a_check&key=eyJhbGciOiJFZERTQSIsInR5cCI6IkpXVCJ9.eyJxdWV1ZV9pZCI6IjIzNTIwMzgwNiIsInVudGlsIjoxNzcwNzU5NTYzNTUyMzQxMTgxfQ.16f8JAkNily5nwdW04xvn31hZImPuaGEXgy3016aihYhrf0kwmKBlg8eK8HBCQgFouzZL86E_XCVhc3sMPfpBQ&ts=56&wait=25 HTTP/1.1" 200 26
2026-02-10 21:12:45,635 - urllib3.connectionpool - DEBUG - https://lp.vk.com:443 "GET /whp/235203806?act=a_check&key=eyJhbGciOiJFZERTQSIsInR5cCI6IkpXVCJ9.eyJxdWV1ZV9pZCI6IjIzNTIwMzgwNiIsInVudGlsIjoxNzcwNzU5NTYzNTUyMzQxMTgxfQ.16f8JAkNily5nwdW04xvn31hZImPuaGEXgy3016aihYhrf0kwmKBlg8eK8HBCQgFouzZL86E_XCVhc3sMPfpBQ&ts=56&wait=25 HTTP/1.1" 200 26
2026-02-10 21:13:10,661 - urllib3.connectionpool - DEBUG - https://lp.vk.com:443 "GET /whp/235203806?act=a_check&key=eyJhbGciOiJFZERTQSIsInR5cCI6IkpXVCJ9.eyJxdWV1ZV9pZCI6IjIzNTIwMzgwNiIsInVudGlsIjoxNzcwNzU5NTYzNTUyMzQxMTgxfQ.16f8JAkNily5nwdW04xvn31hZImPuaGEXgy3016aihYhrf0kwmKBlg8eK8HBCQgFouzZL86E_XCVhc3sMPfpBQ&ts=56&wait=25 HTTP/1.1" 200 26
2026-02-10 21:13:35,688 - urllib3.connectionpool - DEBUG - https://lp.vk.com:443 "GET /whp/235203806?act=a_check&key=eyJhbGciOiJFZERTQSIsInR5cCI6IkpXVCJ9.eyJxdWV1ZV9pZCI6IjIzNTIwMzgwNiIsInVudGlsIjoxNzcwNzU5NTYzNTUyMzQxMTgxfQ.16f8JAkNily5nwdW04xvn31hZImPuaGEXgy3016aihYhrf0kwmKBlg8eK8HBCQgFouzZL86E_XCVhc3sMPfpBQ&ts=56&wait=25 HTTP/1.1" 200 26
2026-02-10 21:14:00,715 - urllib3.connectionpool - DEBUG - https://lp.vk.com:443 "GET /whp/235203806?act=a_check&key=eyJhbGciOiJFZERTQSIsInR5cCI6IkpXVCJ9.eyJxdWV1ZV9pZCI6IjIzNTIwMzgwNiIsInVudGlsIjoxNzcwNzU5NTYzNTUyMzQxMTgxfQ.16f8JAkNily5nwdW04xvn31hZImPuaGEXgy3016aihYhrf0kwmKBlg8eK8HBCQgFouzZL86E_XCVhc3sMPfpBQ&ts=56&wait=25 HTTP/1.1" 200 26
2026-02-10 21:14:25,740 - urllib3.connectionpool - DEBUG - https://lp.vk.com:443 "GET /whp/235203806?act=a_check&key=eyJhbGciOiJFZERTQSIsInR5cCI6IkpXVCJ9.eyJxdWV1ZV9pZCI6IjIzNTIwMzgwNiIsInVudGlsIjoxNzcwNzU5NTYzNTUyMzQxMTgxfQ.16f8JAkNily5nwdW04xvn31hZImPuaGEXgy3016aihYhrf0kwmKBlg8eK8HBCQgFouzZL86E_XCVhc3sMPfpBQ&ts=56&wait=25 HTTP/1.1" 200 26
2026-02-10 21:14:50,766 - urllib3.connectionpool - DEBUG - https://lp.vk.com:443 "GET /whp/235203806?act=a_check&key=eyJhbGciOiJFZERTQSIsInR5cCI6IkpXVCJ9.eyJxdWV1ZV9pZCI6IjIzNTIwMzgwNiIsInVudGlsIjoxNzcwNzU5NTYzNTUyMzQxMTgxfQ.16f8JAkNily5nwdW04xvn31hZImPuaGEXgy3016aihYhrf0kwmKBlg8eK8HBCQgFouzZL86E_XCVhc3sMPfpBQ&ts=56&wait=25 HTTP/1.1" 200 26
2026-02-10 21:15:15,792 - urllib3.connectionpool - DEBUG - https://lp.vk.com:443 "GET /whp/235203806?act=a_check&key=eyJhbGciOiJFZERTQSIsInR5cCI6IkpXVCJ9.eyJxdWV1ZV9pZCI6IjIzNTIwMzgwNiIsInVudGlsIjoxNzcwNzU5NTYzNTUyMzQxMTgxfQ.16f8JAkNily5nwdW04xvn31hZImPuaGEXgy3016aihYhrf0kwmKBlg8eK8HBCQgFouzZL86E_XCVhc3sMPfpBQ&ts=56&wait=25 HTTP/1.1" 200 26
2026-02-10 21:15:40,838 - urllib3.connectionpool - DEBUG - https://lp.vk.com:443 "GET /whp/235203806?act=a_check&key=eyJhbGciOiJFZERTQSIsInR5cCI6IkpXVCJ9.eyJxdWV1ZV9pZCI6IjIzNTIwMzgwNiIsInVudGlsIjoxNzcwNzU5NTYzNTUyMzQxMTgxfQ.16f8JAkNily5nwdW04xvn31hZImPuaGEXgy3016aihYhrf0kwmKBlg8eK8HBCQgFouzZL86E_XCVhc3sMPfpBQ&ts=56&wait=25 HTTP/1.1" 200 26
2026-02-10 21:16:05,865 - urllib3.connectionpool - DEBUG - https://lp.vk.com:443 "GET /whp/235203806?act=a_check&key=eyJhbGciOiJFZERTQSIsInR5cCI6IkpXVCJ9.eyJxdWV1ZV9pZCI6IjIzNTIwMzgwNiIsInVudGlsIjoxNzcwNzU5NTYzNTUyMzQxMTgxfQ.16f8JAkNily5nwdW04xvn31hZImPuaGEXgy3016aihYhrf0kwmKBlg8eK8HBCQgFouzZL86E_XCVhc3sMPfpBQ&ts=56&wait=25 HTTP/1.1" 200 26
2026-02-10 21:16:30,891 - urllib3.connectionpool - DEBUG - https://lp.vk.com:443 "GET /whp/235203806?act=a_check&key=eyJhbGciOiJFZERTQSIsInR5cCI6IkpXVCJ9.eyJxdWV1ZV9pZCI6IjIzNTIwMzgwNiIsInVudGlsIjoxNzcwNzU5NTYzNTUyMzQxMTgxfQ.16f8JAkNily5nwdW04xvn31hZImPuaGEXgy3016aihYhrf0kwmKBlg8eK8HBCQgFouzZL86E_XCVhc3sMPfpBQ&ts=56&wait=25 HTTP/1.1" 200 26
2026-02-10 21:16:55,915 - urllib3.connectionpool - DEBUG - https://lp.vk.com:443 "GET /whp/235203806?act=a_check&key=eyJhbGciOiJFZERTQSIsInR5cCI6IkpXVCJ9.eyJxdWV1ZV9pZCI6IjIzNTIwMzgwNiIsInVudGlsIjoxNzcwNzU5NTYzNTUyMzQxMTgxfQ.16f8JAkNily5nwdW04xvn31hZImPuaGEXgy3016aihYhrf0kwmKBlg8eK8HBCQgFouzZL86E_XCVhc3sMPfpBQ&ts=56&wait=25 HTTP/1.1" 200 26
2026-02-10 21:17:20,942 - urllib3.connectionpool - DEBUG - https://lp.vk.com:443 "GET /whp/235203806?act=a_check&key=eyJhbGciOiJFZERTQSIsInR5cCI6IkpXVCJ9.eyJxdWV1ZV9pZCI6IjIzNTIwMzgwNiIsInVudGlsIjoxNzcwNzU5NTYzNTUyMzQxMTgxfQ.16f8JAkNily5nwdW04xvn31hZImPuaGEXgy3016aihYhrf0kwmKBlg8eK8HBCQgFouzZL86E_XCVhc3sMPfpBQ&ts=56&wait=25 HTTP/1.1" 200 26
2026-02-10 21:17:45,967 - urllib3.connectionpool - DEBUG - https://lp.vk.com:443 "GET /whp/235203806?act=a_check&key=eyJhbGciOiJFZERTQSIsInR5cCI6IkpXVCJ9.eyJxdWV1ZV9pZCI6IjIzNTIwMzgwNiIsInVudGlsIjoxNzcwNzU5NTYzNTUyMzQxMTgxfQ.16f8JAkNily5nwdW04xvn31hZImPuaGEXgy3016aihYhrf0kwmKBlg8eK8HBCQgFouzZL86E_XCVhc3sMPfpBQ&ts=56&wait=25 HTTP/1.1" 200 26
2026-02-10 21:18:10,993 - urllib3.connectionpool - DEBUG - https://lp.vk.com:443 "GET /whp/235203806?act=a_check&key=eyJhbGciOiJFZERTQSIsInR5cCI6IkpXVCJ9.eyJxdWV1ZV9pZCI6IjIzNTIwMzgwNiIsInVudGlsIjoxNzcwNzU5NTYzNTUyMzQxMTgxfQ.16f8JAkNily5nwdW04xvn31hZImPuaGEXgy3016aihYhrf0kwmKBlg8eK8HBCQgFouzZL86E_XCVhc3sMPfpBQ&ts=56&wait=25 HTTP/1.1" 200 26
2026-02-10 21:18:36,018 - urllib3.connectionpool - DEBUG - https://lp.vk.com:443 "GET /whp/235203806?act=a_check&key=eyJhbGciOiJFZERTQSIsInR5cCI6IkpXVCJ9.eyJxdWV1ZV9pZCI6IjIzNTIwMzgwNiIsInVudGlsIjoxNzcwNzU5NTYzNTUyMzQxMTgxfQ.16f8JAkNily5nwdW04xvn31hZImPuaGEXgy3016aihYhrf0kwmKBlg8eK8HBCQgFouzZL86E_XCVhc3sMPfpBQ&ts=56&wait=25 HTTP/1.1" 200 26
2026-02-10 21:19:01,048 - urllib3.connectionpool - DEBUG - https://lp.vk.com:443 "GET /whp/235203806?act=a_check&key=eyJhbGciOiJFZERTQSIsInR5cCI6IkpXVCJ9.eyJxdWV1ZV9pZCI6IjIzNTIwMzgwNiIsInVudGlsIjoxNzcwNzU5NTYzNTUyMzQxMTgxfQ.16f8JAkNily5nwdW04xvn31hZImPuaGEXgy3016aihYhrf0kwmKBlg8eK8HBCQgFouzZL86E_XCVhc3sMPfpBQ&ts=56&wait=25 HTTP/1.1" 200 26
2026-02-10 21:19:26,074 - urllib3.connectionpool - DEBUG - https://lp.vk.com:443 "GET /whp/235203806?act=a_check&key=eyJhbGciOiJFZERTQSIsInR5cCI6IkpXVCJ9.eyJxdWV1ZV9pZCI6IjIzNTIwMzgwNiIsInVudGlsIjoxNzcwNzU5NTYzNTUyMzQxMTgxfQ.16f8JAkNily5nwdW04xvn31hZImPuaGEXgy3016aihYhrf0kwmKBlg8eK8HBCQgFouzZL86E_XCVhc3sMPfpBQ&ts=56&wait=25 HTTP/1.1" 200 26
2026-02-10 21:19:51,099 - urllib3.connectionpool - DEBUG - https://lp.vk.com:443 "GET /whp/235203806?act=a_check&key=eyJhbGciOiJFZERTQSIsInR5cCI6IkpXVCJ9.eyJxdWV1ZV9pZCI6IjIzNTIwMzgwNiIsInVudGlsIjoxNzcwNzU5NTYzNTUyMzQxMTgxfQ.16f8JAkNily5nwdW04xvn31hZImPuaGEXgy3016aihYhrf0kwmKBlg8eK8HBCQgFouzZL86E_XCVhc3sMPfpBQ&ts=56&wait=25 HTTP/1.1" 200 26
2026-02-10 21:20:16,128 - urllib3.connectionpool - DEBUG - https://lp.vk.com:443 "GET /whp/235203806?act=a_check&key=eyJhbGciOiJFZERTQSIsInR5cCI6IkpXVCJ9.eyJxdWV1ZV9pZCI6IjIzNTIwMzgwNiIsInVudGlsIjoxNzcwNzU5NTYzNTUyMzQxMTgxfQ.16f8JAkNily5nwdW04xvn31hZImPuaGEXgy3016aihYhrf0kwmKBlg8eK8HBCQgFouzZL86E_XCVhc3sMPfpBQ&ts=56&wait=25 HTTP/1.1" 200 26
2026-02-10 21:20:41,154 - urllib3.connectionpool - DEBUG - https://lp.vk.com:443 "GET /whp/235203806?act=a_check&key=eyJhbGciOiJFZERTQSIsInR5cCI6IkpXVCJ9.eyJxdWV1ZV9pZCI6IjIzNTIwMzgwNiIsInVudGlsIjoxNzcwNzU5NTYzNTUyMzQxMTgxfQ.16f8JAkNily5nwdW04xvn31hZImPuaGEXgy3016aihYhrf0kwmKBlg8eK8HBCQgFouzZL86E_XCVhc3sMPfpBQ&ts=56&wait=25 HTTP/1.1" 200 26
2026-02-10 21:21:06,180 - urllib3.connectionpool - DEBUG - https://lp.vk.com:443 "GET /whp/235203806?act=a_check&key=eyJhbGciOiJFZERTQSIsInR5cCI6IkpXVCJ9.eyJxdWV1ZV9pZCI6IjIzNTIwMzgwNiIsInVudGlsIjoxNzcwNzU5NTYzNTUyMzQxMTgxfQ.16f8JAkNily5nwdW04xvn31hZImPuaGEXgy3016aihYhrf0kwmKBlg8eK8HBCQgFouzZL86E_XCVhc3sMPfpBQ&ts=56&wait=25 HTTP/1.1" 200 26
2026-02-10 21:21:31,205 - urllib3.connectionpool - DEBUG - https://lp.vk.com:443 "GET /whp/235203806?act=a_check&key=eyJhbGciOiJFZERTQSIsInR5cCI6IkpXVCJ9.eyJxdWV1ZV9pZCI6IjIzNTIwMzgwNiIsInVudGlsIjoxNzcwNzU5NTYzNTUyMzQxMTgxfQ.16f8JAkNily5nwdW04xvn31hZImPuaGEXgy3016aihYhrf0kwmKBlg8eK8HBCQgFouzZL86E_XCVhc3sMPfpBQ&ts=56&wait=25 HTTP/1.1" 200 26
2026-02-10 21:21:56,231 - urllib3.connectionpool - DEBUG - https://lp.vk.com:443 "GET /whp/235203806?act=a_check&key=eyJhbGciOiJFZERTQSIsInR5cCI6IkpXVCJ9.eyJxdWV1ZV9pZCI6IjIzNTIwMzgwNiIsInVudGlsIjoxNzcwNzU5NTYzNTUyMzQxMTgxfQ.16f8JAkNily5nwdW04xvn31hZImPuaGEXgy3016aihYhrf0kwmKBlg8eK8HBCQgFouzZL86E_XCVhc3sMPfpBQ&ts=56&wait=25 HTTP/1.1" 200 26
2026-02-10 21:22:21,257 - urllib3.connectionpool - DEBUG - https://lp.vk.com:443 "GET /whp/235203806?act=a_check&key=eyJhbGciOiJFZERTQSIsInR5cCI6IkpXVCJ9.eyJxdWV1ZV9pZCI6IjIzNTIwMzgwNiIsInVudGlsIjoxNzcwNzU5NTYzNTUyMzQxMTgxfQ.16f8JAkNily5nwdW04xvn31hZImPuaGEXgy3016aihYhrf0kwmKBlg8eK8HBCQgFouzZL86E_XCVhc3sMPfpBQ&ts=56&wait=25 HTTP/1.1" 200 26
2026-02-10 21:22:46,282 - urllib3.connectionpool - DEBUG - https://lp.vk.com:443 "GET /whp/235203806?act=a_check&key=eyJhbGciOiJFZERTQSIsInR5cCI6IkpXVCJ9.eyJxdWV1ZV9pZCI6IjIzNTIwMzgwNiIsInVudGlsIjoxNzcwNzU5NTYzNTUyMzQxMTgxfQ.16f8JAkNily5nwdW04xvn31hZImPuaGEXgy3016aihYhrf0kwmKBlg8eK8HBCQgFouzZL86E_XCVhc3sMPfpBQ&ts=56&wait=25 HTTP/1.1" 200 26
2026-02-10 21:23:11,308 - urllib3.connectionpool - DEBUG - https://lp.vk.com:443 "GET /whp/235203806?act=a_check&key=eyJhbGciOiJFZERTQSIsInR5cCI6IkpXVCJ9.eyJxdWV1ZV9pZCI6IjIzNTIwMzgwNiIsInVudGlsIjoxNzcwNzU5NTYzNTUyMzQxMTgxfQ.16f8JAkNily5nwdW04xvn31hZImPuaGEXgy3016aihYhrf0kwmKBlg8eK8HBCQgFouzZL86E_XCVhc3sMPfpBQ&ts=56&wait=25 HTTP/1.1" 200 26
2026-02-10 21:23:36,336 - urllib3.connectionpool - DEBUG - https://lp.vk.com:443 "GET /whp/235203806?act=a_check&key=eyJhbGciOiJFZERTQSIsInR5cCI6IkpXVCJ9.eyJxdWV1ZV9pZCI6IjIzNTIwMzgwNiIsInVudGlsIjoxNzcwNzU5NTYzNTUyMzQxMTgxfQ.16f8JAkNily5nwdW04xvn31hZImPuaGEXgy3016aihYhrf0kwmKBlg8eK8HBCQgFouzZL86E_XCVhc3sMPfpBQ&ts=56&wait=25 HTTP/1.1" 200 26
2026-02-10 21:24:01,370 - urllib3.connectionpool - DEBUG - https://lp.vk.com:443 "GET /whp/235203806?act=a_check&key=eyJhbGciOiJFZERTQSIsInR5cCI6IkpXVCJ9.eyJxdWV1ZV9pZCI6IjIzNTIwMzgwNiIsInVudGlsIjoxNzcwNzU5NTYzNTUyMzQxMTgxfQ.16f8JAkNily5nwdW04xvn31hZImPuaGEXgy3016aihYhrf0kwmKBlg8eK8HBCQgFouzZL86E_XCVhc3sMPfpBQ&ts=56&wait=25 HTTP/1.1" 200 26
2026-02-10 21:24:26,395 - urllib3.connectionpool - DEBUG - https://lp.vk.com:443 "GET /whp/235203806?act=a_check&key=eyJhbGciOiJFZERTQSIsInR5cCI6IkpXVCJ9.eyJxdWV1ZV9pZCI6IjIzNTIwMzgwNiIsInVudGlsIjoxNzcwNzU5NTYzNTUyMzQxMTgxfQ.16f8JAkNily5nwdW04xvn31hZImPuaGEXgy3016aihYhrf0kwmKBlg8eK8HBCQgFouzZL86E_XCVhc3sMPfpBQ&ts=56&wait=25 HTTP/1.1" 200 26
2026-02-10 21:24:51,421 - urllib3.connectionpool - DEBUG - https://lp.vk.com:443 "GET /whp/235203806?act=a_check&key=eyJhbGciOiJFZERTQSIsInR5cCI6IkpXVCJ9.eyJxdWV1ZV9pZCI6IjIzNTIwMzgwNiIsInVudGlsIjoxNzcwNzU5NTYzNTUyMzQxMTgxfQ.16f8JAkNily5nwdW04xvn31hZImPuaGEXgy3016aihYhrf0kwmKBlg8eK8HBCQgFouzZL86E_XCVhc3sMPfpBQ&ts=56&wait=25 HTTP/1.1" 200 26
2026-02-10 21:25:16,455 - urllib3.connectionpool - DEBUG - https://lp.vk.com:443 "GET /whp/235203806?act=a_check&key=eyJhbGciOiJFZERTQSIsInR5cCI6IkpXVCJ9.eyJxdWV1ZV9pZCI6IjIzNTIwMzgwNiIsInVudGlsIjoxNzcwNzU5NTYzNTUyMzQxMTgxfQ.16f8JAkNily5nwdW04xvn31hZImPuaGEXgy3016aihYhrf0kwmKBlg8eK8HBCQgFouzZL86E_XCVhc3sMPfpBQ&ts=56&wait=25 HTTP/1.1" 200 26
2026-02-10 21:25:41,482 - urllib3.connectionpool - DEBUG - https://lp.vk.com:443 "GET /whp/235203806?act=a_check&key=eyJhbGciOiJFZERTQSIsInR5cCI6IkpXVCJ9.eyJxdWV1ZV9pZCI6IjIzNTIwMzgwNiIsInVudGlsIjoxNzcwNzU5NTYzNTUyMzQxMTgxfQ.16f8JAkNily5nwdW04xvn31hZImPuaGEXgy3016aihYhrf0kwmKBlg8eK8HBCQgFouzZL86E_XCVhc3sMPfpBQ&ts=56&wait=25 HTTP/1.1" 200 26
2026-02-10 21:26:06,509 - urllib3.connectionpool - DEBUG - https://lp.vk.com:443 "GET /whp/235203806?act=a_check&key=eyJhbGciOiJFZERTQSIsInR5cCI6IkpXVCJ9.eyJxdWV1ZV9pZCI6IjIzNTIwMzgwNiIsInVudGlsIjoxNzcwNzU5NTYzNTUyMzQxMTgxfQ.16f8JAkNily5nwdW04xvn31hZImPuaGEXgy3016aihYhrf0kwmKBlg8eK8HBCQgFouzZL86E_XCVhc3sMPfpBQ&ts=56&wait=25 HTTP/1.1" 200 26
2026-02-10 21:26:31,535 - urllib3.connectionpool - DEBUG - https://lp.vk.com:443 "GET /whp/235203806?act=a_check&key=eyJhbGciOiJFZERTQSIsInR5cCI6IkpXVCJ9.eyJxdWV1ZV9pZCI6IjIzNTIwMzgwNiIsInVudGlsIjoxNzcwNzU5NTYzNTUyMzQxMTgxfQ.16f8JAkNily5nwdW04xvn31hZImPuaGEXgy3016aihYhrf0kwmKBlg8eK8HBCQgFouzZL86E_XCVhc3sMPfpBQ&ts=56&wait=25 HTTP/1.1" 200 26
2026-02-10 21:26:56,564 - urllib3.connectionpool - DEBUG - https://lp.vk.com:443 "GET /whp/235203806?act=a_check&key=eyJhbGciOiJFZERTQSIsInR5cCI6IkpXVCJ9.eyJxdWV1ZV9pZCI6IjIzNTIwMzgwNiIsInVudGlsIjoxNzcwNzU5NTYzNTUyMzQxMTgxfQ.16f8JAkNily5nwdW04xvn31hZImPuaGEXgy3016aihYhrf0kwmKBlg8eK8HBCQgFouzZL86E_XCVhc3sMPfpBQ&ts=56&wait=25 HTTP/1.1" 200 26
2026-02-10 21:27:21,590 - urllib3.connectionpool - DEBUG - https://lp.vk.com:443 "GET /whp/235203806?act=a_check&key=eyJhbGciOiJFZERTQSIsInR5cCI6IkpXVCJ9.eyJxdWV1ZV9pZCI6IjIzNTIwMzgwNiIsInVudGlsIjoxNzcwNzU5NTYzNTUyMzQxMTgxfQ.16f8JAkNily5nwdW04xvn31hZImPuaGEXgy3016aihYhrf0kwmKBlg8eK8HBCQgFouzZL86E_XCVhc3sMPfpBQ&ts=56&wait=25 HTTP/1.1" 200 26
2026-02-10 21:27:46,617 - urllib3.connectionpool - DEBUG - https://lp.vk.com:443 "GET /whp/235203806?act=a_check&key=eyJhbGciOiJFZERTQSIsInR5cCI6IkpXVCJ9.eyJxdWV1ZV9pZCI6IjIzNTIwMzgwNiIsInVudGlsIjoxNzcwNzU5NTYzNTUyMzQxMTgxfQ.16f8JAkNily5nwdW04xvn31hZImPuaGEXgy3016aihYhrf0kwmKBlg8eK8HBCQgFouzZL86E_XCVhc3sMPfpBQ&ts=56&wait=25 HTTP/1.1" 200 26
2026-02-10 21:28:11,645 - urllib3.connectionpool - DEBUG - https://lp.vk.com:443 "GET /whp/235203806?act=a_check&key=eyJhbGciOiJFZERTQSIsInR5cCI6IkpXVCJ9.eyJxdWV1ZV9pZCI6IjIzNTIwMzgwNiIsInVudGlsIjoxNzcwNzU5NTYzNTUyMzQxMTgxfQ.16f8JAkNily5nwdW04xvn31hZImPuaGEXgy3016aihYhrf0kwmKBlg8eK8HBCQgFouzZL86E_XCVhc3sMPfpBQ&ts=56&wait=25 HTTP/1.1" 200 26
2026-02-10 21:28:36,670 - urllib3.connectionpool - DEBUG - https://lp.vk.com:443 "GET /whp/235203806?act=a_check&key=eyJhbGciOiJFZERTQSIsInR5cCI6IkpXVCJ9.eyJxdWV1ZV9pZCI6IjIzNTIwMzgwNiIsInVudGlsIjoxNzcwNzU5NTYzNTUyMzQxMTgxfQ.16f8JAkNily5nwdW04xvn31hZImPuaGEXgy3016aihYhrf0kwmKBlg8eK8HBCQgFouzZL86E_XCVhc3sMPfpBQ&ts=56&wait=25 HTTP/1.1" 200 26
2026-02-10 21:29:01,696 - urllib3.connectionpool - DEBUG - https://lp.vk.com:443 "GET /whp/235203806?act=a_check&key=eyJhbGciOiJFZERTQSIsInR5cCI6IkpXVCJ9.eyJxdWV1ZV9pZCI6IjIzNTIwMzgwNiIsInVudGlsIjoxNzcwNzU5NTYzNTUyMzQxMTgxfQ.16f8JAkNily5nwdW04xvn31hZImPuaGEXgy3016aihYhrf0kwmKBlg8eK8HBCQgFouzZL86E_XCVhc3sMPfpBQ&ts=56&wait=25 HTTP/1.1" 200 26
2026-02-10 21:29:26,720 - urllib3.connectionpool - DEBUG - https://lp.vk.com:443 "GET /whp/235203806?act=a_check&key=eyJhbGciOiJFZERTQSIsInR5cCI6IkpXVCJ9.eyJxdWV1ZV9pZCI6IjIzNTIwMzgwNiIsInVudGlsIjoxNzcwNzU5NTYzNTUyMzQxMTgxfQ.16f8JAkNily5nwdW04xvn31hZImPuaGEXgy3016aihYhrf0kwmKBlg8eK8HBCQgFouzZL86E_XCVhc3sMPfpBQ&ts=56&wait=25 HTTP/1.1" 200 26
2026-02-10 21:29:51,747 - urllib3.connectionpool - DEBUG - https://lp.vk.com:443 "GET /whp/235203806?act=a_check&key=eyJhbGciOiJFZERTQSIsInR5cCI6IkpXVCJ9.eyJxdWV1ZV9pZCI6IjIzNTIwMzgwNiIsInVudGlsIjoxNzcwNzU5NTYzNTUyMzQxMTgxfQ.16f8JAkNily5nwdW04xvn31hZImPuaGEXgy3016aihYhrf0kwmKBlg8eK8HBCQgFouzZL86E_XCVhc3sMPfpBQ&ts=56&wait=25 HTTP/1.1" 200 26
2026-02-10 21:30:16,772 - urllib3.connectionpool - DEBUG - https://lp.vk.com:443 "GET /whp/235203806?act=a_check&key=eyJhbGciOiJFZERTQSIsInR5cCI6IkpXVCJ9.eyJxdWV1ZV9pZCI6IjIzNTIwMzgwNiIsInVudGlsIjoxNzcwNzU5NTYzNTUyMzQxMTgxfQ.16f8JAkNily5nwdW04xvn31hZImPuaGEXgy3016aihYhrf0kwmKBlg8eK8HBCQgFouzZL86E_XCVhc3sMPfpBQ&ts=56&wait=25 HTTP/1.1" 200 26
2026-02-10 21:30:41,798 - urllib3.connectionpool - DEBUG - https://lp.vk.com:443 "GET /whp/235203806?act=a_check&key=eyJhbGciOiJFZERTQSIsInR5cCI6IkpXVCJ9.eyJxdWV1ZV9pZCI6IjIzNTIwMzgwNiIsInVudGlsIjoxNzcwNzU5NTYzNTUyMzQxMTgxfQ.16f8JAkNily5nwdW04xvn31hZImPuaGEXgy3016aihYhrf0kwmKBlg8eK8HBCQgFouzZL86E_XCVhc3sMPfpBQ&ts=56&wait=25 HTTP/1.1" 200 26
2026-02-10 21:31:06,823 - urllib3.connectionpool - DEBUG - https://lp.vk.com:443 "GET /whp/235203806?act=a_check&key=eyJhbGciOiJFZERTQSIsInR5cCI6IkpXVCJ9.eyJxdWV1ZV9pZCI6IjIzNTIwMzgwNiIsInVudGlsIjoxNzcwNzU5NTYzNTUyMzQxMTgxfQ.16f8JAkNily5nwdW04xvn31hZImPuaGEXgy3016aihYhrf0kwmKBlg8eK8HBCQgFouzZL86E_XCVhc3sMPfpBQ&ts=56&wait=25 HTTP/1.1" 200 26
2026-02-10 21:31:31,855 - urllib3.connectionpool - DEBUG - https://lp.vk.com:443 "GET /whp/235203806?act=a_check&key=eyJhbGciOiJFZERTQSIsInR5cCI6IkpXVCJ9.eyJxdWV1ZV9pZCI6IjIzNTIwMzgwNiIsInVudGlsIjoxNzcwNzU5NTYzNTUyMzQxMTgxfQ.16f8JAkNily5nwdW04xvn31hZImPuaGEXgy3016aihYhrf0kwmKBlg8eK8HBCQgFouzZL86E_XCVhc3sMPfpBQ&ts=56&wait=25 HTTP/1.1" 200 26
2026-02-10 21:31:56,881 - urllib3.connectionpool - DEBUG - https://lp.vk.com:443 "GET /whp/235203806?act=a_check&key=eyJhbGciOiJFZERTQSIsInR5cCI6IkpXVCJ9.eyJxdWV1ZV9pZCI6IjIzNTIwMzgwNiIsInVudGlsIjoxNzcwNzU5NTYzNTUyMzQxMTgxfQ.16f8JAkNily5nwdW04xvn31hZImPuaGEXgy3016aihYhrf0kwmKBlg8eK8HBCQgFouzZL86E_XCVhc3sMPfpBQ&ts=56&wait=25 HTTP/1.1" 200 26
2026-02-10 21:32:21,907 - urllib3.connectionpool - DEBUG - https://lp.vk.com:443 "GET /whp/235203806?act=a_check&key=eyJhbGciOiJFZERTQSIsInR5cCI6IkpXVCJ9.eyJxdWV1ZV9pZCI6IjIzNTIwMzgwNiIsInVudGlsIjoxNzcwNzU5NTYzNTUyMzQxMTgxfQ.16f8JAkNily5nwdW04xvn31hZImPuaGEXgy3016aihYhrf0kwmKBlg8eK8HBCQgFouzZL86E_XCVhc3sMPfpBQ&ts=56&wait=25 HTTP/1.1" 200 26
2026-02-10 21:32:46,932 - urllib3.connectionpool - DEBUG - https://lp.vk.com:443 "GET /whp/235203806?act=a_check&key=eyJhbGciOiJFZERTQSIsInR5cCI6IkpXVCJ9.eyJxdWV1ZV9pZCI6IjIzNTIwMzgwNiIsInVudGlsIjoxNzcwNzU5NTYzNTUyMzQxMTgxfQ.16f8JAkNily5nwdW04xvn31hZImPuaGEXgy3016aihYhrf0kwmKBlg8eK8HBCQgFouzZL86E_XCVhc3sMPfpBQ&ts=56&wait=25 HTTP/1.1" 200 26
2026-02-10 21:33:11,957 - urllib3.connectionpool - DEBUG - https://lp.vk.com:443 "GET /whp/235203806?act=a_check&key=eyJhbGciOiJFZERTQSIsInR5cCI6IkpXVCJ9.eyJxdWV1ZV9pZCI6IjIzNTIwMzgwNiIsInVudGlsIjoxNzcwNzU5NTYzNTUyMzQxMTgxfQ.16f8JAkNily5nwdW04xvn31hZImPuaGEXgy3016aihYhrf0kwmKBlg8eK8HBCQgFouzZL86E_XCVhc3sMPfpBQ&ts=56&wait=25 HTTP/1.1" 200 26
2026-02-10 21:33:36,981 - urllib3.connectionpool - DEBUG - https://lp.vk.com:443 "GET /whp/235203806?act=a_check&key=eyJhbGciOiJFZERTQSIsInR5cCI6IkpXVCJ9.eyJxdWV1ZV9pZCI6IjIzNTIwMzgwNiIsInVudGlsIjoxNzcwNzU5NTYzNTUyMzQxMTgxfQ.16f8JAkNily5nwdW04xvn31hZImPuaGEXgy3016aihYhrf0kwmKBlg8eK8HBCQgFouzZL86E_XCVhc3sMPfpBQ&ts=56&wait=25 HTTP/1.1" 200 26
2026-02-10 21:34:02,006 - urllib3.connectionpool - DEBUG - https://lp.vk.com:443 "GET /whp/235203806?act=a_check&key=eyJhbGciOiJFZERTQSIsInR5cCI6IkpXVCJ9.eyJxdWV1ZV9pZCI6IjIzNTIwMzgwNiIsInVudGlsIjoxNzcwNzU5NTYzNTUyMzQxMTgxfQ.16f8JAkNily5nwdW04xvn31hZImPuaGEXgy3016aihYhrf0kwmKBlg8eK8HBCQgFouzZL86E_XCVhc3sMPfpBQ&ts=56&wait=25 HTTP/1.1" 200 26
2026-02-10 21:34:27,031 - urllib3.connectionpool - DEBUG - https://lp.vk.com:443 "GET /whp/235203806?act=a_check&key=eyJhbGciOiJFZERTQSIsInR5cCI6IkpXVCJ9.eyJxdWV1ZV9pZCI6IjIzNTIwMzgwNiIsInVudGlsIjoxNzcwNzU5NTYzNTUyMzQxMTgxfQ.16f8JAkNily5nwdW04xvn31hZImPuaGEXgy3016aihYhrf0kwmKBlg8eK8HBCQgFouzZL86E_XCVhc3sMPfpBQ&ts=56&wait=25 HTTP/1.1" 200 26
2026-02-10 21:34:52,055 - urllib3.connectionpool - DEBUG - https://lp.vk.com:443 "GET /whp/235203806?act=a_check&key=eyJhbGciOiJFZERTQSIsInR5cCI6IkpXVCJ9.eyJxdWV1ZV9pZCI6IjIzNTIwMzgwNiIsInVudGlsIjoxNzcwNzU5NTYzNTUyMzQxMTgxfQ.16f8JAkNily5nwdW04xvn31hZImPuaGEXgy3016aihYhrf0kwmKBlg8eK8HBCQgFouzZL86E_XCVhc3sMPfpBQ&ts=56&wait=25 HTTP/1.1" 200 26
2026-02-10 21:35:17,083 - urllib3.connectionpool - DEBUG - https://lp.vk.com:443 "GET /whp/235203806?act=a_check&key=eyJhbGciOiJFZERTQSIsInR5cCI6IkpXVCJ9.eyJxdWV1ZV9pZCI6IjIzNTIwMzgwNiIsInVudGlsIjoxNzcwNzU5NTYzNTUyMzQxMTgxfQ.16f8JAkNily5nwdW04xvn31hZImPuaGEXgy3016aihYhrf0kwmKBlg8eK8HBCQgFouzZL86E_XCVhc3sMPfpBQ&ts=56&wait=25 HTTP/1.1" 200 26
2026-02-10 21:35:42,108 - urllib3.connectionpool - DEBUG - https://lp.vk.com:443 "GET /whp/235203806?act=a_check&key=eyJhbGciOiJFZERTQSIsInR5cCI6IkpXVCJ9.eyJxdWV1ZV9pZCI6IjIzNTIwMzgwNiIsInVudGlsIjoxNzcwNzU5NTYzNTUyMzQxMTgxfQ.16f8JAkNily5nwdW04xvn31hZImPuaGEXgy3016aihYhrf0kwmKBlg8eK8HBCQgFouzZL86E_XCVhc3sMPfpBQ&ts=56&wait=25 HTTP/1.1" 200 26
2026-02-10 21:36:07,134 - urllib3.connectionpool - DEBUG - https://lp.vk.com:443 "GET /whp/235203806?act=a_check&key=eyJhbGciOiJFZERTQSIsInR5cCI6IkpXVCJ9.eyJxdWV1ZV9pZCI6IjIzNTIwMzgwNiIsInVudGlsIjoxNzcwNzU5NTYzNTUyMzQxMTgxfQ.16f8JAkNily5nwdW04xvn31hZImPuaGEXgy3016aihYhrf0kwmKBlg8eK8HBCQgFouzZL86E_XCVhc3sMPfpBQ&ts=56&wait=25 HTTP/1.1" 200 26
2026-02-10 21:36:32,160 - urllib3.connectionpool - DEBUG - https://lp.vk.com:443 "GET /whp/235203806?act=a_check&key=eyJhbGciOiJFZERTQSIsInR5cCI6IkpXVCJ9.eyJxdWV1ZV9pZCI6IjIzNTIwMzgwNiIsInVudGlsIjoxNzcwNzU5NTYzNTUyMzQxMTgxfQ.16f8JAkNily5nwdW04xvn31hZImPuaGEXgy3016aihYhrf0kwmKBlg8eK8HBCQgFouzZL86E_XCVhc3sMPfpBQ&ts=56&wait=25 HTTP/1.1" 200 26
2026-02-10 21:36:57,186 - urllib3.connectionpool - DEBUG - https://lp.vk.com:443 "GET /whp/235203806?act=a_check&key=eyJhbGciOiJFZERTQSIsInR5cCI6IkpXVCJ9.eyJxdWV1ZV9pZCI6IjIzNTIwMzgwNiIsInVudGlsIjoxNzcwNzU5NTYzNTUyMzQxMTgxfQ.16f8JAkNily5nwdW04xvn31hZImPuaGEXgy3016aihYhrf0kwmKBlg8eK8HBCQgFouzZL86E_XCVhc3sMPfpBQ&ts=56&wait=25 HTTP/1.1" 200 26
2026-02-10 21:37:22,212 - urllib3.connectionpool - DEBUG - https://lp.vk.com:443 "GET /whp/235203806?act=a_check&key=eyJhbGciOiJFZERTQSIsInR5cCI6IkpXVCJ9.eyJxdWV1ZV9pZCI6IjIzNTIwMzgwNiIsInVudGlsIjoxNzcwNzU5NTYzNTUyMzQxMTgxfQ.16f8JAkNily5nwdW04xvn31hZImPuaGEXgy3016aihYhrf0kwmKBlg8eK8HBCQgFouzZL86E_XCVhc3sMPfpBQ&ts=56&wait=25 HTTP/1.1" 200 26
2026-02-10 21:37:47,237 - urllib3.connectionpool - DEBUG - https://lp.vk.com:443 "GET /whp/235203806?act=a_check&key=eyJhbGciOiJFZERTQSIsInR5cCI6IkpXVCJ9.eyJxdWV1ZV9pZCI6IjIzNTIwMzgwNiIsInVudGlsIjoxNzcwNzU5NTYzNTUyMzQxMTgxfQ.16f8JAkNily5nwdW04xvn31hZImPuaGEXgy3016aihYhrf0kwmKBlg8eK8HBCQgFouzZL86E_XCVhc3sMPfpBQ&ts=56&wait=25 HTTP/1.1" 200 26
2026-02-10 21:38:12,263 - urllib3.connectionpool - DEBUG - https://lp.vk.com:443 "GET /whp/235203806?act=a_check&key=eyJhbGciOiJFZERTQSIsInR5cCI6IkpXVCJ9.eyJxdWV1ZV9pZCI6IjIzNTIwMzgwNiIsInVudGlsIjoxNzcwNzU5NTYzNTUyMzQxMTgxfQ.16f8JAkNily5nwdW04xvn31hZImPuaGEXgy3016aihYhrf0kwmKBlg8eK8HBCQgFouzZL86E_XCVhc3sMPfpBQ&ts=56&wait=25 HTTP/1.1" 200 26
2026-02-10 21:38:37,288 - urllib3.connectionpool - DEBUG - https://lp.vk.com:443 "GET /whp/235203806?act=a_check&key=eyJhbGciOiJFZERTQSIsInR5cCI6IkpXVCJ9.eyJxdWV1ZV9pZCI6IjIzNTIwMzgwNiIsInVudGlsIjoxNzcwNzU5NTYzNTUyMzQxMTgxfQ.16f8JAkNily5nwdW04xvn31hZImPuaGEXgy3016aihYhrf0kwmKBlg8eK8HBCQgFouzZL86E_XCVhc3sMPfpBQ&ts=56&wait=25 HTTP/1.1" 200 26
2026-02-10 21:39:02,314 - urllib3.connectionpool - DEBUG - https://lp.vk.com:443 "GET /whp/235203806?act=a_check&key=eyJhbGciOiJFZERTQSIsInR5cCI6IkpXVCJ9.eyJxdWV1ZV9pZCI6IjIzNTIwMzgwNiIsInVudGlsIjoxNzcwNzU5NTYzNTUyMzQxMTgxfQ.16f8JAkNily5nwdW04xvn31hZImPuaGEXgy3016aihYhrf0kwmKBlg8eK8HBCQgFouzZL86E_XCVhc3sMPfpBQ&ts=56&wait=25 HTTP/1.1" 200 26
2026-02-10 21:39:27,339 - urllib3.connectionpool - DEBUG - https://lp.vk.com:443 "GET /whp/235203806?act=a_check&key=eyJhbGciOiJFZERTQSIsInR5cCI6IkpXVCJ9.eyJxdWV1ZV9pZCI6IjIzNTIwMzgwNiIsInVudGlsIjoxNzcwNzU5NTYzNTUyMzQxMTgxfQ.16f8JAkNily5nwdW04xvn31hZImPuaGEXgy3016aihYhrf0kwmKBlg8eK8HBCQgFouzZL86E_XCVhc3sMPfpBQ&ts=56&wait=25 HTTP/1.1" 200 26
2026-02-10 21:39:27,363 - urllib3.connectionpool - DEBUG - https://lp.vk.com:443 "GET /whp/235203806?act=a_check&key=eyJhbGciOiJFZERTQSIsInR5cCI6IkpXVCJ9.eyJxdWV1ZV9pZCI6IjIzNTIwMzgwNiIsInVudGlsIjoxNzcwNzU5NTYzNTUyMzQxMTgxfQ.16f8JAkNily5nwdW04xvn31hZImPuaGEXgy3016aihYhrf0kwmKBlg8eK8HBCQgFouzZL86E_XCVhc3sMPfpBQ&ts=56&wait=25 HTTP/1.1" 200 14
2026-02-10 21:39:27,367 - urllib3.connectionpool - DEBUG - Resetting dropped connection: api.vk.com
2026-02-10 21:39:27,488 - urllib3.connectionpool - DEBUG - https://api.vk.com:443 "POST /method/groups.getLongPollServer HTTP/1.1" 200 257
2026-02-10 21:39:27,491 - urllib3.connectionpool - DEBUG - Resetting dropped connection: lp.vk.com
2026-02-10 21:39:52,632 - urllib3.connectionpool - DEBUG - https://lp.vk.com:443 "GET /whp/235203806?act=a_check&key=eyJhbGciOiJFZERTQSIsInR5cCI6IkpXVCJ9.eyJxdWV1ZV9pZCI6IjIzNTIwMzgwNiIsInVudGlsIjoxNzcwNzYzMTY3NDYxMjQxOTUxfQ.ncIZjoys5e2LDIhQNO3b0CHHEkLLswe8D5eFQwmViESmeLXZUji025oqUzBe1wjCESvGOuLtwU6vGBDic-1PBQ&ts=56&wait=25 HTTP/1.1" 200 26
2026-02-10 21:40:17,665 - urllib3.connectionpool - DEBUG - https://lp.vk.com:443 "GET /whp/235203806?act=a_check&key=eyJhbGciOiJFZERTQSIsInR5cCI6IkpXVCJ9.eyJxdWV1ZV9pZCI6IjIzNTIwMzgwNiIsInVudGlsIjoxNzcwNzYzMTY3NDYxMjQxOTUxfQ.ncIZjoys5e2LDIhQNO3b0CHHEkLLswe8D5eFQwmViESmeLXZUji025oqUzBe1wjCESvGOuLtwU6vGBDic-1PBQ&ts=56&wait=25 HTTP/1.1" 200 26
2026-02-10 21:40:42,694 - urllib3.connectionpool - DEBUG - https://lp.vk.com:443 "GET /whp/235203806?act=a_check&key=eyJhbGciOiJFZERTQSIsInR5cCI6IkpXVCJ9.eyJxdWV1ZV9pZCI6IjIzNTIwMzgwNiIsInVudGlsIjoxNzcwNzYzMTY3NDYxMjQxOTUxfQ.ncIZjoys5e2LDIhQNO3b0CHHEkLLswe8D5eFQwmViESmeLXZUji025oqUzBe1wjCESvGOuLtwU6vGBDic-1PBQ&ts=56&wait=25 HTTP/1.1" 200 26
2026-02-10 21:41:07,726 - urllib3.connectionpool - DEBUG - https://lp.vk.com:443 "GET /whp/235203806?act=a_check&key=eyJhbGciOiJFZERTQSIsInR5cCI6IkpXVCJ9.eyJxdWV1ZV9pZCI6IjIzNTIwMzgwNiIsInVudGlsIjoxNzcwNzYzMTY3NDYxMjQxOTUxfQ.ncIZjoys5e2LDIhQNO3b0CHHEkLLswe8D5eFQwmViESmeLXZUji025oqUzBe1wjCESvGOuLtwU6vGBDic-1PBQ&ts=56&wait=25 HTTP/1.1" 200 26
2026-02-10 21:41:32,756 - urllib3.connectionpool - DEBUG - https://lp.vk.com:443 "GET /whp/235203806?act=a_check&key=eyJhbGciOiJFZERTQSIsInR5cCI6IkpXVCJ9.eyJxdWV1ZV9pZCI6IjIzNTIwMzgwNiIsInVudGlsIjoxNzcwNzYzMTY3NDYxMjQxOTUxfQ.ncIZjoys5e2LDIhQNO3b0CHHEkLLswe8D5eFQwmViESmeLXZUji025oqUzBe1wjCESvGOuLtwU6vGBDic-1PBQ&ts=56&wait=25 HTTP/1.1" 200 26
2026-02-10 21:41:57,785 - urllib3.connectionpool - DEBUG - https://lp.vk.com:443 "GET /whp/235203806?act=a_check&key=eyJhbGciOiJFZERTQSIsInR5cCI6IkpXVCJ9.eyJxdWV1ZV9pZCI6IjIzNTIwMzgwNiIsInVudGlsIjoxNzcwNzYzMTY3NDYxMjQxOTUxfQ.ncIZjoys5e2LDIhQNO3b0CHHEkLLswe8D5eFQwmViESmeLXZUji025oqUzBe1wjCESvGOuLtwU6vGBDic-1PBQ&ts=56&wait=25 HTTP/1.1" 200 26
2026-02-10 21:42:22,813 - urllib3.connectionpool - DEBUG - https://lp.vk.com:443 "GET /whp/235203806?act=a_check&key=eyJhbGciOiJFZERTQSIsInR5cCI6IkpXVCJ9.eyJxdWV1ZV9pZCI6IjIzNTIwMzgwNiIsInVudGlsIjoxNzcwNzYzMTY3NDYxMjQxOTUxfQ.ncIZjoys5e2LDIhQNO3b0CHHEkLLswe8D5eFQwmViESmeLXZUji025oqUzBe1wjCESvGOuLtwU6vGBDic-1PBQ&ts=56&wait=25 HTTP/1.1" 200 26
2026-02-10 21:42:47,843 - urllib3.connectionpool - DEBUG - https://lp.vk.com:443 "GET /whp/235203806?act=a_check&key=eyJhbGciOiJFZERTQSIsInR5cCI6IkpXVCJ9.eyJxdWV1ZV9pZCI6IjIzNTIwMzgwNiIsInVudGlsIjoxNzcwNzYzMTY3NDYxMjQxOTUxfQ.ncIZjoys5e2LDIhQNO3b0CHHEkLLswe8D5eFQwmViESmeLXZUji025oqUzBe1wjCESvGOuLtwU6vGBDic-1PBQ&ts=56&wait=25 HTTP/1.1" 200 26
2026-02-10 21:43:12,872 - urllib3.connectionpool - DEBUG - https://lp.vk.com:443 "GET /whp/235203806?act=a_check&key=eyJhbGciOiJFZERTQSIsInR5cCI6IkpXVCJ9.eyJxdWV1ZV9pZCI6IjIzNTIwMzgwNiIsInVudGlsIjoxNzcwNzYzMTY3NDYxMjQxOTUxfQ.ncIZjoys5e2LDIhQNO3b0CHHEkLLswe8D5eFQwmViESmeLXZUji025oqUzBe1wjCESvGOuLtwU6vGBDic-1PBQ&ts=56&wait=25 HTTP/1.1" 200 26
2026-02-10 21:43:37,900 - urllib3.connectionpool - DEBUG - https://lp.vk.com:443 "GET /whp/235203806?act=a_check&key=eyJhbGciOiJFZERTQSIsInR5cCI6IkpXVCJ9.eyJxdWV1ZV9pZCI6IjIzNTIwMzgwNiIsInVudGlsIjoxNzcwNzYzMTY3NDYxMjQxOTUxfQ.ncIZjoys5e2LDIhQNO3b0CHHEkLLswe8D5eFQwmViESmeLXZUji025oqUzBe1wjCESvGOuLtwU6vGBDic-1PBQ&ts=56&wait=25 HTTP/1.1" 200 26
2026-02-10 21:44:02,929 - urllib3.connectionpool - DEBUG - https://lp.vk.com:443 "GET /whp/235203806?act=a_check&key=eyJhbGciOiJFZERTQSIsInR5cCI6IkpXVCJ9.eyJxdWV1ZV9pZCI6IjIzNTIwMzgwNiIsInVudGlsIjoxNzcwNzYzMTY3NDYxMjQxOTUxfQ.ncIZjoys5e2LDIhQNO3b0CHHEkLLswe8D5eFQwmViESmeLXZUji025oqUzBe1wjCESvGOuLtwU6vGBDic-1PBQ&ts=56&wait=25 HTTP/1.1" 200 26
2026-02-10 21:44:27,957 - urllib3.connectionpool - DEBUG - https://lp.vk.com:443 "GET /whp/235203806?act=a_check&key=eyJhbGciOiJFZERTQSIsInR5cCI6IkpXVCJ9.eyJxdWV1ZV9pZCI6IjIzNTIwMzgwNiIsInVudGlsIjoxNzcwNzYzMTY3NDYxMjQxOTUxfQ.ncIZjoys5e2LDIhQNO3b0CHHEkLLswe8D5eFQwmViESmeLXZUji025oqUzBe1wjCESvGOuLtwU6vGBDic-1PBQ&ts=56&wait=25 HTTP/1.1" 200 26
2026-02-10 21:44:52,986 - urllib3.connectionpool - DEBUG - https://lp.vk.com:443 "GET /whp/235203806?act=a_check&key=eyJhbGciOiJFZERTQSIsInR5cCI6IkpXVCJ9.eyJxdWV1ZV9pZCI6IjIzNTIwMzgwNiIsInVudGlsIjoxNzcwNzYzMTY3NDYxMjQxOTUxfQ.ncIZjoys5e2LDIhQNO3b0CHHEkLLswe8D5eFQwmViESmeLXZUji025oqUzBe1wjCESvGOuLtwU6vGBDic-1PBQ&ts=56&wait=25 HTTP/1.1" 200 26
2026-02-10 21:45:18,015 - urllib3.connectionpool - DEBUG - https://lp.vk.com:443 "GET /whp/235203806?act=a_check&key=eyJhbGciOiJFZERTQSIsInR5cCI6IkpXVCJ9.eyJxdWV1ZV9pZCI6IjIzNTIwMzgwNiIsInVudGlsIjoxNzcwNzYzMTY3NDYxMjQxOTUxfQ.ncIZjoys5e2LDIhQNO3b0CHHEkLLswe8D5eFQwmViESmeLXZUji025oqUzBe1wjCESvGOuLtwU6vGBDic-1PBQ&ts=56&wait=25 HTTP/1.1" 200 26
2026-02-10 21:45:43,042 - urllib3.connectionpool - DEBUG - https://lp.vk.com:443 "GET /whp/235203806?act=a_check&key=eyJhbGciOiJFZERTQSIsInR5cCI6IkpXVCJ9.eyJxdWV1ZV9pZCI6IjIzNTIwMzgwNiIsInVudGlsIjoxNzcwNzYzMTY3NDYxMjQxOTUxfQ.ncIZjoys5e2LDIhQNO3b0CHHEkLLswe8D5eFQwmViESmeLXZUji025oqUzBe1wjCESvGOuLtwU6vGBDic-1PBQ&ts=56&wait=25 HTTP/1.1" 200 26
2026-02-10 21:46:08,071 - urllib3.connectionpool - DEBUG - https://lp.vk.com:443 "GET /whp/235203806?act=a_check&key=eyJhbGciOiJFZERTQSIsInR5cCI6IkpXVCJ9.eyJxdWV1ZV9pZCI6IjIzNTIwMzgwNiIsInVudGlsIjoxNzcwNzYzMTY3NDYxMjQxOTUxfQ.ncIZjoys5e2LDIhQNO3b0CHHEkLLswe8D5eFQwmViESmeLXZUji025oqUzBe1wjCESvGOuLtwU6vGBDic-1PBQ&ts=56&wait=25 HTTP/1.1" 200 26
2026-02-10 21:46:33,101 - urllib3.connectionpool - DEBUG - https://lp.vk.com:443 "GET /whp/235203806?act=a_check&key=eyJhbGciOiJFZERTQSIsInR5cCI6IkpXVCJ9.eyJxdWV1ZV9pZCI6IjIzNTIwMzgwNiIsInVudGlsIjoxNzcwNzYzMTY3NDYxMjQxOTUxfQ.ncIZjoys5e2LDIhQNO3b0CHHEkLLswe8D5eFQwmViESmeLXZUji025oqUzBe1wjCESvGOuLtwU6vGBDic-1PBQ&ts=56&wait=25 HTTP/1.1" 200 26
2026-02-10 21:46:58,132 - urllib3.connectionpool - DEBUG - https://lp.vk.com:443 "GET /whp/235203806?act=a_check&key=eyJhbGciOiJFZERTQSIsInR5cCI6IkpXVCJ9.eyJxdWV1ZV9pZCI6IjIzNTIwMzgwNiIsInVudGlsIjoxNzcwNzYzMTY3NDYxMjQxOTUxfQ.ncIZjoys5e2LDIhQNO3b0CHHEkLLswe8D5eFQwmViESmeLXZUji025oqUzBe1wjCESvGOuLtwU6vGBDic-1PBQ&ts=56&wait=25 HTTP/1.1" 200 26
2026-02-10 21:47:23,161 - urllib3.connectionpool - DEBUG - https://lp.vk.com:443 "GET /whp/235203806?act=a_check&key=eyJhbGciOiJFZERTQSIsInR5cCI6IkpXVCJ9.eyJxdWV1ZV9pZCI6IjIzNTIwMzgwNiIsInVudGlsIjoxNzcwNzYzMTY3NDYxMjQxOTUxfQ.ncIZjoys5e2LDIhQNO3b0CHHEkLLswe8D5eFQwmViESmeLXZUji025oqUzBe1wjCESvGOuLtwU6vGBDic-1PBQ&ts=56&wait=25 HTTP/1.1" 200 26
2026-02-10 21:47:48,190 - urllib3.connectionpool - DEBUG - https://lp.vk.com:443 "GET /whp/235203806?act=a_check&key=eyJhbGciOiJFZERTQSIsInR5cCI6IkpXVCJ9.eyJxdWV1ZV9pZCI6IjIzNTIwMzgwNiIsInVudGlsIjoxNzcwNzYzMTY3NDYxMjQxOTUxfQ.ncIZjoys5e2LDIhQNO3b0CHHEkLLswe8D5eFQwmViESmeLXZUji025oqUzBe1wjCESvGOuLtwU6vGBDic-1PBQ&ts=56&wait=25 HTTP/1.1" 200 26
2026-02-10 21:48:13,233 - urllib3.connectionpool - DEBUG - https://lp.vk.com:443 "GET /whp/235203806?act=a_check&key=eyJhbGciOiJFZERTQSIsInR5cCI6IkpXVCJ9.eyJxdWV1ZV9pZCI6IjIzNTIwMzgwNiIsInVudGlsIjoxNzcwNzYzMTY3NDYxMjQxOTUxfQ.ncIZjoys5e2LDIhQNO3b0CHHEkLLswe8D5eFQwmViESmeLXZUji025oqUzBe1wjCESvGOuLtwU6vGBDic-1PBQ&ts=56&wait=25 HTTP/1.1" 200 26
2026-02-10 21:48:38,262 - urllib3.connectionpool - DEBUG - https://lp.vk.com:443 "GET /whp/235203806?act=a_check&key=eyJhbGciOiJFZERTQSIsInR5cCI6IkpXVCJ9.eyJxdWV1ZV9pZCI6IjIzNTIwMzgwNiIsInVudGlsIjoxNzcwNzYzMTY3NDYxMjQxOTUxfQ.ncIZjoys5e2LDIhQNO3b0CHHEkLLswe8D5eFQwmViESmeLXZUji025oqUzBe1wjCESvGOuLtwU6vGBDic-1PBQ&ts=56&wait=25 HTTP/1.1" 200 26
2026-02-10 21:49:03,292 - urllib3.connectionpool - DEBUG - https://lp.vk.com:443 "GET /whp/235203806?act=a_check&key=eyJhbGciOiJFZERTQSIsInR5cCI6IkpXVCJ9.eyJxdWV1ZV9pZCI6IjIzNTIwMzgwNiIsInVudGlsIjoxNzcwNzYzMTY3NDYxMjQxOTUxfQ.ncIZjoys5e2LDIhQNO3b0CHHEkLLswe8D5eFQwmViESmeLXZUji025oqUzBe1wjCESvGOuLtwU6vGBDic-1PBQ&ts=56&wait=25 HTTP/1.1" 200 26
2026-02-10 21:49:28,321 - urllib3.connectionpool - DEBUG - https://lp.vk.com:443 "GET /whp/235203806?act=a_check&key=eyJhbGciOiJFZERTQSIsInR5cCI6IkpXVCJ9.eyJxdWV1ZV9pZCI6IjIzNTIwMzgwNiIsInVudGlsIjoxNzcwNzYzMTY3NDYxMjQxOTUxfQ.ncIZjoys5e2LDIhQNO3b0CHHEkLLswe8D5eFQwmViESmeLXZUji025oqUzBe1wjCESvGOuLtwU6vGBDic-1PBQ&ts=56&wait=25 HTTP/1.1" 200 26
2026-02-10 21:49:53,350 - urllib3.connectionpool - DEBUG - https://lp.vk.com:443 "GET /whp/235203806?act=a_check&key=eyJhbGciOiJFZERTQSIsInR5cCI6IkpXVCJ9.eyJxdWV1ZV9pZCI6IjIzNTIwMzgwNiIsInVudGlsIjoxNzcwNzYzMTY3NDYxMjQxOTUxfQ.ncIZjoys5e2LDIhQNO3b0CHHEkLLswe8D5eFQwmViESmeLXZUji025oqUzBe1wjCESvGOuLtwU6vGBDic-1PBQ&ts=56&wait=25 HTTP/1.1" 200 26
2026-02-10 21:50:18,379 - urllib3.connectionpool - DEBUG - https://lp.vk.com:443 "GET /whp/235203806?act=a_check&key=eyJhbGciOiJFZERTQSIsInR5cCI6IkpXVCJ9.eyJxdWV1ZV9pZCI6IjIzNTIwMzgwNiIsInVudGlsIjoxNzcwNzYzMTY3NDYxMjQxOTUxfQ.ncIZjoys5e2LDIhQNO3b0CHHEkLLswe8D5eFQwmViESmeLXZUji025oqUzBe1wjCESvGOuLtwU6vGBDic-1PBQ&ts=56&wait=25 HTTP/1.1" 200 26
2026-02-10 21:50:43,408 - urllib3.connectionpool - DEBUG - https://lp.vk.com:443 "GET /whp/235203806?act=a_check&key=eyJhbGciOiJFZERTQSIsInR5cCI6IkpXVCJ9.eyJxdWV1ZV9pZCI6IjIzNTIwMzgwNiIsInVudGlsIjoxNzcwNzYzMTY3NDYxMjQxOTUxfQ.ncIZjoys5e2LDIhQNO3b0CHHEkLLswe8D5eFQwmViESmeLXZUji025oqUzBe1wjCESvGOuLtwU6vGBDic-1PBQ&ts=56&wait=25 HTTP/1.1" 200 26
2026-02-10 21:50:54,468 - app.main - INFO - 🛑 Application shutting down...
2026-02-10 21:50:54,469 - app.bots.vk_bot - INFO - VK Long Poll stopped
2026-02-10 21:51:03,843 - app.core.prestart_check - INFO - ⚠️ Running in development mode. Security checks are relaxed.
2026-02-10 21:51:03,843 - app.main - INFO - 🚀 Application starting...
2026-02-10 21:51:04,508 - app.main - INFO - Webhook registered successfully.
2026-02-10 21:51:04,512 - urllib3.connectionpool - DEBUG - Starting new HTTPS connection (1): api.vk.com:443
2026-02-10 21:51:04,641 - urllib3.connectionpool - DEBUG - https://api.vk.com:443 "POST /method/groups.getLongPollServer HTTP/1.1" 200 260
2026-02-10 21:51:04,643 - app.bots.vk_bot - INFO - VK bot initialized for group 235203806
2026-02-10 21:51:04,644 - app.bots.vk_bot - INFO - VK Long Poll started in background
2026-02-10 21:51:04,651 - app.bots.vk_bot - INFO - VK Long Poll loop started
2026-02-10 21:51:04,654 - urllib3.connectionpool - DEBUG - Starting new HTTPS connection (1): lp.vk.com:443
2026-02-10 21:51:04,863 - app.services.rate_limit.service - INFO - Loaded 1 admin IDs for rate limit bypass
2026-02-10 21:51:12,139 - app.core.prestart_check - INFO - ⚠️ Running in development mode. Security checks are relaxed.
2026-02-10 21:51:12,139 - app.main - INFO - 🚀 Application starting...
2026-02-10 21:51:12,763 - app.main - INFO - Webhook registered successfully.
2026-02-10 21:51:12,767 - urllib3.connectionpool - DEBUG - Starting new HTTPS connection (1): api.vk.com:443
2026-02-10 21:51:12,912 - urllib3.connectionpool - DEBUG - https://api.vk.com:443 "POST /method/groups.getLongPollServer HTTP/1.1" 200 261
2026-02-10 21:51:12,914 - app.bots.vk_bot - INFO - VK bot initialized for group 235203806
2026-02-10 21:51:12,915 - app.bots.vk_bot - INFO - VK Long Poll started in background
2026-02-10 21:51:12,921 - app.bots.vk_bot - INFO - VK Long Poll loop started
2026-02-10 21:51:12,924 - urllib3.connectionpool - DEBUG - Starting new HTTPS connection (1): lp.vk.com:443
2026-02-10 21:51:13,153 - app.services.rate_limit.service - INFO - Loaded 1 admin IDs for rate limit bypass
2026-02-10 21:51:38,077 - urllib3.connectionpool - DEBUG - https://lp.vk.com:443 "GET /whp/235203806?act=a_check&key=eyJhbGciOiJFZERTQSIsInR5cCI6IkpXVCJ9.eyJxdWV1ZV9pZCI6IjIzNTIwMzgwNiIsInVudGlsIjoxNzcwNzYzODcyODgwOTk4MDQ0fQ._U31-Tx-Q5gheSUIHYAclUIGDYOzhlHTDa_c-k9tXi5VNrWrXgTKbdQqIVqeugvWpf4VBj3PqtL9vnkZBRZQCg&ts=56&wait=25 HTTP/1.1" 200 26
2026-02-10 21:52:03,103 - urllib3.connectionpool - DEBUG - https://lp.vk.com:443 "GET /whp/235203806?act=a_check&key=eyJhbGciOiJFZERTQSIsInR5cCI6IkpXVCJ9.eyJxdWV1ZV9pZCI6IjIzNTIwMzgwNiIsInVudGlsIjoxNzcwNzYzODcyODgwOTk4MDQ0fQ._U31-Tx-Q5gheSUIHYAclUIGDYOzhlHTDa_c-k9tXi5VNrWrXgTKbdQqIVqeugvWpf4VBj3PqtL9vnkZBRZQCg&ts=56&wait=25 HTTP/1.1" 200 26
2026-02-10 21:52:06,722 - app.main - INFO - 🛑 Application shutting down...
2026-02-10 21:52:06,722 - app.bots.vk_bot - INFO - VK Long Poll stopped
2026-02-10 21:52:15,148 - app.core.prestart_check - INFO - ⚠️ Running in development mode. Security checks are relaxed.
2026-02-10 21:52:15,148 - app.main - INFO - 🚀 Application starting...
2026-02-10 21:52:15,361 - app.main - INFO - Webhook registered successfully.
2026-02-10 21:52:15,364 - urllib3.connectionpool - DEBUG - Starting new HTTPS connection (1): api.vk.com:443
2026-02-10 21:52:15,562 - urllib3.connectionpool - DEBUG - https://api.vk.com:443 "POST /method/groups.getLongPollServer HTTP/1.1" 200 258
2026-02-10 21:52:15,564 - app.bots.vk_bot - INFO - VK bot initialized for group 235203806
2026-02-10 21:52:15,564 - app.bots.vk_bot - INFO - VK Long Poll started in background
2026-02-10 21:52:15,569 - app.bots.vk_bot - INFO - VK Long Poll loop started
2026-02-10 21:52:15,572 - urllib3.connectionpool - DEBUG - Starting new HTTPS connection (1): lp.vk.com:443
2026-02-10 21:52:15,792 - app.services.rate_limit.service - INFO - Loaded 1 admin IDs for rate limit bypass
2026-02-10 21:52:21,314 - app.main - INFO - 🛑 Application shutting down...
2026-02-10 21:52:21,314 - app.bots.vk_bot - INFO - VK Long Poll stopped
2026-02-10 21:52:28,621 - app.core.prestart_check - INFO - ⚠️ Running in development mode. Security checks are relaxed.
2026-02-10 21:52:28,622 - app.main - INFO - 🚀 Application starting...
2026-02-10 21:52:29,195 - app.main - INFO - Webhook registered successfully.
2026-02-10 21:52:29,198 - urllib3.connectionpool - DEBUG - Starting new HTTPS connection (1): api.vk.com:443
2026-02-10 21:52:29,332 - urllib3.connectionpool - DEBUG - https://api.vk.com:443 "POST /method/groups.getLongPollServer HTTP/1.1" 200 258
2026-02-10 21:52:29,334 - app.bots.vk_bot - INFO - VK bot initialized for group 235203806
2026-02-10 21:52:29,334 - app.bots.vk_bot - INFO - VK Long Poll started in background
2026-02-10 21:52:29,340 - app.bots.vk_bot - INFO - VK Long Poll loop started
2026-02-10 21:52:29,342 - urllib3.connectionpool - DEBUG - Starting new HTTPS connection (1): lp.vk.com:443
2026-02-10 21:52:29,551 - app.services.rate_limit.service - INFO - Loaded 1 admin IDs for rate limit bypass
2026-02-10 21:52:35,775 - app.main - INFO - 🛑 Application shutting down...
2026-02-10 21:52:35,776 - app.bots.vk_bot - INFO - VK Long Poll stopped
2026-02-10 21:52:43,210 - app.core.prestart_check - INFO - ⚠️ Running in development mode. Security checks are relaxed.
2026-02-10 21:52:43,210 - app.main - INFO - 🚀 Application starting...
2026-02-10 21:52:43,747 - app.main - INFO - Webhook registered successfully.
2026-02-10 21:52:43,750 - urllib3.connectionpool - DEBUG - Starting new HTTPS connection (1): api.vk.com:443
2026-02-10 21:52:43,877 - urllib3.connectionpool - DEBUG - https://api.vk.com:443 "POST /method/groups.getLongPollServer HTTP/1.1" 200 260
2026-02-10 21:52:43,879 - app.bots.vk_bot - INFO - VK bot initialized for group 235203806
2026-02-10 21:52:43,879 - app.bots.vk_bot - INFO - VK Long Poll started in background
2026-02-10 21:52:43,886 - app.bots.vk_bot - INFO - VK Long Poll loop started
2026-02-10 21:52:43,889 - urllib3.connectionpool - DEBUG - Starting new HTTPS connection (1): lp.vk.com:443
2026-02-10 21:52:44,095 - app.services.rate_limit.service - INFO - Loaded 1 admin IDs for rate limit bypass
2026-02-10 21:53:09,022 - urllib3.connectionpool - DEBUG - https://lp.vk.com:443 "GET /whp/235203806?act=a_check&key=eyJhbGciOiJFZERTQSIsInR5cCI6IkpXVCJ9.eyJxdWV1ZV9pZCI6IjIzNTIwMzgwNiIsInVudGlsIjoxNzcwNzYzOTYzODU0MzIyODQ4fQ.uUdA4-RCpisARzPfWtmJUIlhNK8GAFMd_PrzxO3v0zwGu0HTZI5cqr4pNUhKuV_eup8YcALkCsOBbvVdhj4jCg&ts=56&wait=25 HTTP/1.1" 200 26
2026-02-10 21:53:34,050 - urllib3.connectionpool - DEBUG - https://lp.vk.com:443 "GET /whp/235203806?act=a_check&key=eyJhbGciOiJFZERTQSIsInR5cCI6IkpXVCJ9.eyJxdWV1ZV9pZCI6IjIzNTIwMzgwNiIsInVudGlsIjoxNzcwNzYzOTYzODU0MzIyODQ4fQ.uUdA4-RCpisARzPfWtmJUIlhNK8GAFMd_PrzxO3v0zwGu0HTZI5cqr4pNUhKuV_eup8YcALkCsOBbvVdhj4jCg&ts=56&wait=25 HTTP/1.1" 200 26
2026-02-10 21:53:59,078 - urllib3.connectionpool - DEBUG - https://lp.vk.com:443 "GET /whp/235203806?act=a_check&key=eyJhbGciOiJFZERTQSIsInR5cCI6IkpXVCJ9.eyJxdWV1ZV9pZCI6IjIzNTIwMzgwNiIsInVudGlsIjoxNzcwNzYzOTYzODU0MzIyODQ4fQ.uUdA4-RCpisARzPfWtmJUIlhNK8GAFMd_PrzxO3v0zwGu0HTZI5cqr4pNUhKuV_eup8YcALkCsOBbvVdhj4jCg&ts=56&wait=25 HTTP/1.1" 200 26
2026-02-10 21:54:24,107 - urllib3.connectionpool - DEBUG - https://lp.vk.com:443 "GET /whp/235203806?act=a_check&key=eyJhbGciOiJFZERTQSIsInR5cCI6IkpXVCJ9.eyJxdWV1ZV9pZCI6IjIzNTIwMzgwNiIsInVudGlsIjoxNzcwNzYzOTYzODU0MzIyODQ4fQ.uUdA4-RCpisARzPfWtmJUIlhNK8GAFMd_PrzxO3v0zwGu0HTZI5cqr4pNUhKuV_eup8YcALkCsOBbvVdhj4jCg&ts=56&wait=25 HTTP/1.1" 200 26
2026-02-10 21:54:49,134 - urllib3.connectionpool - DEBUG - https://lp.vk.com:443 "GET /whp/235203806?act=a_check&key=eyJhbGciOiJFZERTQSIsInR5cCI6IkpXVCJ9.eyJxdWV1ZV9pZCI6IjIzNTIwMzgwNiIsInVudGlsIjoxNzcwNzYzOTYzODU0MzIyODQ4fQ.uUdA4-RCpisARzPfWtmJUIlhNK8GAFMd_PrzxO3v0zwGu0HTZI5cqr4pNUhKuV_eup8YcALkCsOBbvVdhj4jCg&ts=56&wait=25 HTTP/1.1" 200 26
2026-02-10 21:55:14,161 - urllib3.connectionpool - DEBUG - https://lp.vk.com:443 "GET /whp/235203806?act=a_check&key=eyJhbGciOiJFZERTQSIsInR5cCI6IkpXVCJ9.eyJxdWV1ZV9pZCI6IjIzNTIwMzgwNiIsInVudGlsIjoxNzcwNzYzOTYzODU0MzIyODQ4fQ.uUdA4-RCpisARzPfWtmJUIlhNK8GAFMd_PrzxO3v0zwGu0HTZI5cqr4pNUhKuV_eup8YcALkCsOBbvVdhj4jCg&ts=56&wait=25 HTTP/1.1" 200 26
2026-02-10 21:55:39,188 - urllib3.connectionpool - DEBUG - https://lp.vk.com:443 "GET /whp/235203806?act=a_check&key=eyJhbGciOiJFZERTQSIsInR5cCI6IkpXVCJ9.eyJxdWV1ZV9pZCI6IjIzNTIwMzgwNiIsInVudGlsIjoxNzcwNzYzOTYzODU0MzIyODQ4fQ.uUdA4-RCpisARzPfWtmJUIlhNK8GAFMd_PrzxO3v0zwGu0HTZI5cqr4pNUhKuV_eup8YcALkCsOBbvVdhj4jCg&ts=56&wait=25 HTTP/1.1" 200 26
2026-02-10 21:55:59,571 - app.main - INFO - 🛑 Application shutting down...
2026-02-10 21:55:59,571 - app.bots.vk_bot - INFO - VK Long Poll stopped
2026-02-10 21:56:08,469 - app.core.prestart_check - INFO - ⚠️ Running in development mode. Security checks are relaxed.
2026-02-10 21:56:08,469 - app.main - INFO - 🚀 Application starting...
2026-02-10 21:56:08,721 - app.main - INFO - Webhook registered successfully.
2026-02-10 21:56:08,723 - urllib3.connectionpool - DEBUG - Starting new HTTPS connection (1): api.vk.com:443
2026-02-10 21:56:08,869 - urllib3.connectionpool - DEBUG - https://api.vk.com:443 "POST /method/groups.getLongPollServer HTTP/1.1" 200 260
2026-02-10 21:56:08,871 - app.bots.vk_bot - INFO - VK bot initialized for group 235203806
2026-02-10 21:56:08,872 - app.bots.vk_bot - INFO - VK Long Poll started in background
2026-02-10 21:56:08,878 - app.bots.vk_bot - INFO - VK Long Poll loop started
2026-02-10 21:56:08,881 - urllib3.connectionpool - DEBUG - Starting new HTTPS connection (1): lp.vk.com:443
2026-02-10 21:56:09,101 - app.services.rate_limit.service - INFO - Loaded 1 admin IDs for rate limit bypass
2026-02-10 21:56:32,077 - app.main - INFO - 🛑 Application shutting down...
2026-02-10 21:56:32,078 - app.bots.vk_bot - INFO - VK Long Poll stopped
2026-02-10 21:56:40,430 - app.core.prestart_check - INFO - ⚠️ Running in development mode. Security checks are relaxed.
2026-02-10 21:56:40,430 - app.main - INFO - 🚀 Application starting...
2026-02-10 21:56:41,317 - app.main - INFO - Webhook registered successfully.
2026-02-10 21:56:41,320 - urllib3.connectionpool - DEBUG - Starting new HTTPS connection (1): api.vk.com:443
2026-02-10 21:56:41,456 - urllib3.connectionpool - DEBUG - https://api.vk.com:443 "POST /method/groups.getLongPollServer HTTP/1.1" 200 259
2026-02-10 21:56:41,457 - app.bots.vk_bot - INFO - VK bot initialized for group 235203806
2026-02-10 21:56:41,457 - app.bots.vk_bot - INFO - VK Long Poll started in background
2026-02-10 21:56:41,462 - app.bots.vk_bot - INFO - VK Long Poll loop started
2026-02-10 21:56:41,464 - urllib3.connectionpool - DEBUG - Starting new HTTPS connection (1): lp.vk.com:443
2026-02-10 21:56:41,694 - app.services.rate_limit.service - INFO - Loaded 1 admin IDs for rate limit bypass
2026-02-10 21:56:48,767 - app.core.prestart_check - INFO - ⚠️ Running in development mode. Security checks are relaxed.
2026-02-10 21:56:48,767 - app.main - INFO - 🚀 Application starting...
2026-02-10 21:56:49,289 - app.main - INFO - Webhook registered successfully.
2026-02-10 21:56:49,292 - urllib3.connectionpool - DEBUG - Starting new HTTPS connection (1): api.vk.com:443
2026-02-10 21:56:49,423 - urllib3.connectionpool - DEBUG - https://api.vk.com:443 "POST /method/groups.getLongPollServer HTTP/1.1" 200 259
2026-02-10 21:56:49,425 - app.bots.vk_bot - INFO - VK bot initialized for group 235203806
2026-02-10 21:56:49,425 - app.bots.vk_bot - INFO - VK Long Poll started in background
2026-02-10 21:56:49,429 - app.bots.vk_bot - INFO - VK Long Poll loop started
2026-02-10 21:56:49,431 - urllib3.connectionpool - DEBUG - Starting new HTTPS connection (1): lp.vk.com:443
2026-02-10 21:56:49,661 - app.services.rate_limit.service - INFO - Loaded 1 admin IDs for rate limit bypass
2026-02-10 21:56:56,689 - app.main - INFO - 🛑 Application shutting down...
2026-02-10 21:56:56,689 - app.bots.vk_bot - INFO - VK Long Poll stopped
2026-02-10 21:57:03,889 - app.core.prestart_check - INFO - ⚠️ Running in development mode. Security checks are relaxed.
2026-02-10 21:57:03,889 - app.main - INFO - 🚀 Application starting...
2026-02-10 21:57:04,439 - app.main - INFO - Webhook registered successfully.
2026-02-10 21:57:04,442 - urllib3.connectionpool - DEBUG - Starting new HTTPS connection (1): api.vk.com:443
2026-02-10 21:57:04,575 - urllib3.connectionpool - DEBUG - https://api.vk.com:443 "POST /method/groups.getLongPollServer HTTP/1.1" 200 260
2026-02-10 21:57:04,576 - app.bots.vk_bot - INFO - VK bot initialized for group 235203806
2026-02-10 21:57:04,577 - app.bots.vk_bot - INFO - VK Long Poll started in background
2026-02-10 21:57:04,580 - app.bots.vk_bot - INFO - VK Long Poll loop started
2026-02-10 21:57:04,585 - urllib3.connectionpool - DEBUG - Starting new HTTPS connection (1): lp.vk.com:443
2026-02-10 21:57:04,795 - app.services.rate_limit.service - INFO - Loaded 1 admin IDs for rate limit bypass
2026-02-10 21:57:29,719 - urllib3.connectionpool - DEBUG - https://lp.vk.com:443 "GET /whp/235203806?act=a_check&key=eyJhbGciOiJFZERTQSIsInR5cCI6IkpXVCJ9.eyJxdWV1ZV9pZCI6IjIzNTIwMzgwNiIsInVudGlsIjoxNzcwNzY0MjI0NTUzMDQxODQwfQ.YOf59ao8RTTxWHBv_iuqpVi6Xgj9HVO4-Rf2AuMlkk1EayL2GawgHhVP32C1bdC5BJG1rbDD3qEUjV6R94oXBg&ts=56&wait=25 HTTP/1.1" 200 26
2026-02-10 21:57:54,745 - urllib3.connectionpool - DEBUG - https://lp.vk.com:443 "GET /whp/235203806?act=a_check&key=eyJhbGciOiJFZERTQSIsInR5cCI6IkpXVCJ9.eyJxdWV1ZV9pZCI6IjIzNTIwMzgwNiIsInVudGlsIjoxNzcwNzY0MjI0NTUzMDQxODQwfQ.YOf59ao8RTTxWHBv_iuqpVi6Xgj9HVO4-Rf2AuMlkk1EayL2GawgHhVP32C1bdC5BJG1rbDD3qEUjV6R94oXBg&ts=56&wait=25 HTTP/1.1" 200 26
2026-02-10 21:58:19,769 - urllib3.connectionpool - DEBUG - https://lp.vk.com:443 "GET /whp/235203806?act=a_check&key=eyJhbGciOiJFZERTQSIsInR5cCI6IkpXVCJ9.eyJxdWV1ZV9pZCI6IjIzNTIwMzgwNiIsInVudGlsIjoxNzcwNzY0MjI0NTUzMDQxODQwfQ.YOf59ao8RTTxWHBv_iuqpVi6Xgj9HVO4-Rf2AuMlkk1EayL2GawgHhVP32C1bdC5BJG1rbDD3qEUjV6R94oXBg&ts=56&wait=25 HTTP/1.1" 200 26
2026-02-10 21:58:44,793 - urllib3.connectionpool - DEBUG - https://lp.vk.com:443 "GET /whp/235203806?act=a_check&key=eyJhbGciOiJFZERTQSIsInR5cCI6IkpXVCJ9.eyJxdWV1ZV9pZCI6IjIzNTIwMzgwNiIsInVudGlsIjoxNzcwNzY0MjI0NTUzMDQxODQwfQ.YOf59ao8RTTxWHBv_iuqpVi6Xgj9HVO4-Rf2AuMlkk1EayL2GawgHhVP32C1bdC5BJG1rbDD3qEUjV6R94oXBg&ts=56&wait=25 HTTP/1.1" 200 26
2026-02-10 21:59:09,816 - urllib3.connectionpool - DEBUG - https://lp.vk.com:443 "GET /whp/235203806?act=a_check&key=eyJhbGciOiJFZERTQSIsInR5cCI6IkpXVCJ9.eyJxdWV1ZV9pZCI6IjIzNTIwMzgwNiIsInVudGlsIjoxNzcwNzY0MjI0NTUzMDQxODQwfQ.YOf59ao8RTTxWHBv_iuqpVi6Xgj9HVO4-Rf2AuMlkk1EayL2GawgHhVP32C1bdC5BJG1rbDD3qEUjV6R94oXBg&ts=56&wait=25 HTTP/1.1" 200 26
2026-02-10 21:59:34,840 - urllib3.connectionpool - DEBUG - https://lp.vk.com:443 "GET /whp/235203806?act=a_check&key=eyJhbGciOiJFZERTQSIsInR5cCI6IkpXVCJ9.eyJxdWV1ZV9pZCI6IjIzNTIwMzgwNiIsInVudGlsIjoxNzcwNzY0MjI0NTUzMDQxODQwfQ.YOf59ao8RTTxWHBv_iuqpVi6Xgj9HVO4-Rf2AuMlkk1EayL2GawgHhVP32C1bdC5BJG1rbDD3qEUjV6R94oXBg&ts=56&wait=25 HTTP/1.1" 200 26
2026-02-10 21:59:59,865 - urllib3.connectionpool - DEBUG - https://lp.vk.com:443 "GET /whp/235203806?act=a_check&key=eyJhbGciOiJFZERTQSIsInR5cCI6IkpXVCJ9.eyJxdWV1ZV9pZCI6IjIzNTIwMzgwNiIsInVudGlsIjoxNzcwNzY0MjI0NTUzMDQxODQwfQ.YOf59ao8RTTxWHBv_iuqpVi6Xgj9HVO4-Rf2AuMlkk1EayL2GawgHhVP32C1bdC5BJG1rbDD3qEUjV6R94oXBg&ts=56&wait=25 HTTP/1.1" 200 26
2026-02-10 22:00:24,890 - urllib3.connectionpool - DEBUG - https://lp.vk.com:443 "GET /whp/235203806?act=a_check&key=eyJhbGciOiJFZERTQSIsInR5cCI6IkpXVCJ9.eyJxdWV1ZV9pZCI6IjIzNTIwMzgwNiIsInVudGlsIjoxNzcwNzY0MjI0NTUzMDQxODQwfQ.YOf59ao8RTTxWHBv_iuqpVi6Xgj9HVO4-Rf2AuMlkk1EayL2GawgHhVP32C1bdC5BJG1rbDD3qEUjV6R94oXBg&ts=56&wait=25 HTTP/1.1" 200 26
2026-02-10 22:00:49,914 - urllib3.connectionpool - DEBUG - https://lp.vk.com:443 "GET /whp/235203806?act=a_check&key=eyJhbGciOiJFZERTQSIsInR5cCI6IkpXVCJ9.eyJxdWV1ZV9pZCI6IjIzNTIwMzgwNiIsInVudGlsIjoxNzcwNzY0MjI0NTUzMDQxODQwfQ.YOf59ao8RTTxWHBv_iuqpVi6Xgj9HVO4-Rf2AuMlkk1EayL2GawgHhVP32C1bdC5BJG1rbDD3qEUjV6R94oXBg&ts=56&wait=25 HTTP/1.1" 200 26
2026-02-10 22:01:14,938 - urllib3.connectionpool - DEBUG - https://lp.vk.com:443 "GET /whp/235203806?act=a_check&key=eyJhbGciOiJFZERTQSIsInR5cCI6IkpXVCJ9.eyJxdWV1ZV9pZCI6IjIzNTIwMzgwNiIsInVudGlsIjoxNzcwNzY0MjI0NTUzMDQxODQwfQ.YOf59ao8RTTxWHBv_iuqpVi6Xgj9HVO4-Rf2AuMlkk1EayL2GawgHhVP32C1bdC5BJG1rbDD3qEUjV6R94oXBg&ts=56&wait=25 HTTP/1.1" 200 26
2026-02-10 22:01:39,961 - urllib3.connectionpool - DEBUG - https://lp.vk.com:443 "GET /whp/235203806?act=a_check&key=eyJhbGciOiJFZERTQSIsInR5cCI6IkpXVCJ9.eyJxdWV1ZV9pZCI6IjIzNTIwMzgwNiIsInVudGlsIjoxNzcwNzY0MjI0NTUzMDQxODQwfQ.YOf59ao8RTTxWHBv_iuqpVi6Xgj9HVO4-Rf2AuMlkk1EayL2GawgHhVP32C1bdC5BJG1rbDD3qEUjV6R94oXBg&ts=56&wait=25 HTTP/1.1" 200 26
